Label,centerX,centerY,perimeter,area,ch_perimeter,ch_area,pconvexity,aconvexity
1,61.37386934673367,58.106197654941376,580.5462479183374,11940,470.5527431822146,15041.000000000002,0.8105344662367105,0.7938301974602752
2,18.980870583642396,142.45207886004295,408.04877323527904,5123,366.44222853746254,6587.5,0.8980353638416004,0.7776850094876661
3,232.27740716689297,211.73996890804258,2325.2287142747455,50817,1257.4220404517444,104084.99999999999,0.5407734872412079,0.48822596915982136
4,26.46369585540667,290.6880648177002,260.89444430272835,3209,236.95574451112174,3862.4999999999995,0.9082437349113138,0.8308090614886733
5,250.2841594827586,411.94893780788175,2834.4145724998716,64960,1388.0764100930664,122924.49999999999,0.48972243635793306,0.5284544578176036
6,35.237064413938754,418.4416578669483,316.237590053236,3788,270.66415130070834,4696.000000000002,0.8558886097479566,0.8066439522998293
7,25.840794223826716,465.2620938628159,243.23759005323595,2770,216.40701788423942,3283.500000000001,0.8896939730280822,0.8436119993908936
8,3.3439153439153437,510.031746031746,64.97056274847714,189,66.8284119348004,203.5,1.0285952454116123,0.9287469287469288
9,107.59031194521937,697.6717981232564,1708.8174593052022,39430,1013.6914786424711,64052.49999999999,0.5932122668354721,0.6155887748331448
10,51.1162150719729,695.8223962743438,292.40916292848976,4724,277.0068384590081,5168.999999999999,0.9473261223580454,0.9139098471657963
11,7.176047904191617,800.0994011976048,148.08326112068522,835,148.0002023483258,902.5,0.99943910762276,0.925207756232687
12,6.913793103448276,865.5752351097178,120.5269119345812,638,121.85984418854042,701.0000000000001,1.011059208541597,0.9101283880171183
13,148.99902765220654,975.4632299005476,2523.72113832392,58621,1176.4255549454645,100168.49999999997,0.46614720504610285,0.5852238977323212
14,39.19362867098059,937.565206570433,259.82337649086287,4018,249.4656590689449,4364.0,0.9601355445310279,0.9207149404216315
15,170.0870921469068,1178.7299346524283,1964.4692629208114,43919,1115.8350671868352,74716.00000000001,0.5680084123728104,0.5878125167300176
16,23.997591477535895,1302.2708661417323,970.9970414071697,10795,755.4786692216238,20813.5,0.7780442545188228,0.5186537583779758
17,4.222857142857142,1228.3695238095238,126.62741699796952,525,128.4416551861913,547.0,1.0143273726277688,0.9597806215722121
18,153.0767973262615,1544.2565844443636,1309.8103166302658,27527,800.3890254979378,42204.0,0.6110724700635201,0.6522367548099706
19,32.78578081341198,1539.9900651971438,300.8528137423857,3221,273.1987362099675,4162.5,0.9080810407307746,0.7738138138138139
20,97.89727534911961,1669.814511232544,1287.6437943888955,26352,761.344309869286,41679.5,0.5912693504111619,0.6322532659940738
21,45.69243043145264,1771.7275338269083,911.38181771802,15668,724.1504979909425,24124.50000000001,0.7945632488084083,0.649464237600779
22,66.97337646180642,1907.2318155428381,730.2102448427661,12057,547.5340844355693,19326.000000000007,0.7498307347816904,0.6238745731139396
23,160.11332906227872,1962.040597498061,1514.6042558696058,29657,904.715383019582,51610.5,0.5973279023305941,0.5746311312620493
24,87.85334178017105,2142.2470172104317,994.8670990922585,18942,747.7948585087915,34876.49999999999,0.7516530189721805,0.5431164250999958
25,154.7447211553501,2367.9013225352355,2617.0937213259504,57541,1214.1729161396372,102796.5,0.4639394096763476,0.5597564119400953
26,6.964523281596453,2248.29711751663,85.55634918610404,451,88.13572284201636,463.5,1.0301482435897493,0.9730312837108953
27,25.094097680558175,2319.4857627757874,357.9066376115481,5303,317.05226881509014,6597.0,0.8858518828566712,0.8038502349552827
28,80.22819396487014,2408.161011860081,848.9676041556469,13322,582.2917374881373,21094.500000000004,0.6858821639811145,0.6315390267605299
29,174.33850895067445,2704.8653441336455,2581.488598904568,59381,1305.906589421212,98483.00000000001,0.5058734677253124,0.6029568554979031
30,30.393717447916668,2676.1110026041665,405.5340546095176,6144,345.62720193913117,7380.5,0.8522766411613204,0.8324639252083192
31,5.566502463054187,2665.6354679802957,53.55634918610404,203,56.413685359532806,212.0,1.0533519595127694,0.9575471698113207
32,5.358695652173913,2701.2065217391305,50.97056274847714,184,53.89308215489707,194.00000000000003,1.0573373972903064,0.9484536082474225
33,6.007604562737643,2743.0684410646386,66.04163056034261,263,68.48948698079326,280.0,1.037065354075624,0.9392857142857143
34,79.07113396539718,2806.8469119931437,898.8843430349616,18669,610.4445269977414,25720.499999999993,0.6791135386079347,0.7258412550300346
35,81.54162029824171,492.5222568439795,949.4478348960022,17972,672.260407097602,27690.000000000007,0.7080540735249957,0.649042975803539
36,191.49121650571834,1430.3818924887116,1599.8174593052022,30341,897.4851451815358,52743.50000000001,0.5609922181817618,0.5752557187141543
37,83.36886070075025,1350.9092737257329,684.9259735953042,12929,509.5880190307175,17027.5,0.7440045182631854,0.7593011305241522
38,53.064736499674694,2847.744957709824,249.3380951166243,3074,240.16471553137495,3452.5000000000005,0.9632090732827705,0.8903692976104272
39,86.04895561357702,187.88294168842472,357.8183258569795,4596,316.541676928293,6223.0,0.8846435580686696,0.7385505383255665
40,54.05081081081081,2290.4886486486485,118.12489168102785,925,117.06141413987567,976.5,0.9909970072690193,0.9472606246799795
41,58.924202127659576,463.0904255319149,107.49747468305833,752,105.66270031111561,810.0000000000001,0.982931930472299,0.9283950617283949
42,97.67525860607088,2083.0647787010344,453.30360723121805,5897,370.3004120776574,9091.0,0.8168927098097789,0.6486635133648664
43,85.4368932038835,2296.4680281218616,233.6639969244288,2987,217.89401182095298,3425.0000000000005,0.9325099916502065,0.8721167883211678
44,69.50368188512519,154.57437407952872,113.49747468305833,679,110.15049977636335,750.9999999999998,0.9705105781776959,0.9041278295605861
45,74.09844559585493,13.516839378238341,112.76955262170048,772,112.99682591559491,808.0000000000001,1.0020153781637926,0.9554455445544553
46,106.20500863557858,1288.6231433506046,400.17366491630685,5790,326.3061558041655,7777.0,0.8154113686426863,0.7445030217307445
47,102.64353233830846,827.650248756219,248.59292911256333,4020,238.88046907969235,4170.0,0.9609302643178835,0.9640287769784173
48,123.16984402079723,137.7204753651894,298.8772003600252,4039,272.1265940185325,4885.999999999999,0.9104963298998079,0.8266475644699142
49,257.2763007792107,1791.6748777045186,2147.973880278806,51719,1158.822924598024,91458.5,0.5394958175411375,0.565491452407376
50,163.65196971821112,129.0775970839759,772.2813126546316,14266,557.8640724298889,21530.499999999993,0.722358631872488,0.662594923480644
51,137.9892537313433,2090.16447761194,291.56349186104046,3350,261.59485491663537,4514.999999999999,0.8972140278842312,0.7419712070874863
52,157.25478445776145,537.9860815774213,580.3401871576773,10346,446.02934506616293,13890.499999999998,0.768565325883554,0.7448256002303734
53,164.81064262128524,1270.8843027686055,468.3158005400378,7874,376.8156564533518,9868.0,0.8046187124560548,0.7979327117957032
54,123.00130039011704,2113.782834850455,108.25483399593904,769,108.06534979355244,809.5,0.9982496467326928,0.9499691167387276
55,137.90837178642056,2131.6196440342783,174.61017305526644,1517,165.05084615784907,1838.4999999999998,0.9452533221280771,0.8251291813978788
56,205.71286165815707,34.74556284950158,539.2325394193526,8226,437.2267552178783,10865.0,0.8108315490172116,0.7571099861942016
57,215.54108060917645,985.648850518964,574.1147904132612,10309,476.69610371597054,13865.0,0.8303149678008358,0.743526866209881
58,238.80567335447773,2581.8704251452195,1511.3027406794408,28061,840.2788481712772,48575.5,0.5559963768698722,0.5776780475754238
59,148.26781326781327,468.9742014742015,119.15432893255071,814,115.38287345006907,904.0,0.9683481454994679,0.9004424778761062
60,237.2337922737602,2098.346544579602,818.8498551495554,14962,551.3735399280433,21402.00000000001,0.6733512089677783,0.6990935426595641
61,329.1069142271329,591.1591980863424,1835.0550493584383,43895,1051.6676863613438,72372.49999999997,0.5730987126130206,0.6065149055235071
62,203.84043126684637,867.9514824797843,254.59292911256333,3710,243.14268374755395,3979.9999999999995,0.9550252813189998,0.9321608040201006
63,465.6032571996028,2284.513277060576,4197.2787129993,100700,1671.169883118715,190858.50000000003,0.3981555663537356,0.5276160087185008
64,178.94618834080717,2060.6203288490283,107.98275605729691,669,107.50547463419576,726.5000000000001,0.9955800218430442,0.9208534067446661
65,357.1341975308642,778.4868209876544,1470.273303427918,32400,870.7059783423539,50240.5,0.5922068885508002,0.6448980404255531
66,206.72546728971963,83.70794392523365,117.88225099390857,856,116.25222112148388,916.0,0.9861723893234028,0.9344978165938864
67,407.98467207221603,1584.7558316024924,4024.342638136229,100144,1629.7000541686,185379.99999999997,0.4049605614405024,0.540209299816593
68,267.54486891385767,1962.0438951310862,462.6589462905455,6675,374.9737417680152,8894.499999999998,0.8104755020397578,0.7504637697453485
69,227.03091397849462,2876.5967741935483,115.35533905932738,744,116.3090656588402,767.4999999999999,1.008267728284534,0.9693811074918568
70,242.05619412515964,1517.0421455938697,108.91168824543144,783,108.80373906120195,830.9999999999999,0.9990088374721892,0.9422382671480146
71,340.9001627780792,2788.4993669741366,834.5239533417509,16587,608.9029427159612,24402.999999999993,0.7296410609637777,0.6797115108798101
72,451.18455197980757,1225.5405229531473,2372.32416870425,50712,1311.4609261844773,107016.00000000001,0.552816914098544,0.4738730657098003
73,281.61457194899816,957.7202185792349,233.30865786510142,2745,216.64817011528532,3135.5000000000005,0.9285903579306981,0.8754584595758251
74,534.612746236901,151.09617148237365,3472.32121011142,81781,1670.0936459908849,169991.50000000003,0.4809732582134286,0.4810887603203689
75,353.5661570126433,2532.603351955307,781.2935059634515,13604,539.1657779704955,20230.0,0.6900937661137009,0.6724666337123084
76,394.5085738958796,2010.891376757957,947.9625535217635,16212,708.3715118883412,27413.0,0.747256850238102,0.5913982417101376
77,401.1860124695039,999.4307400379506,955.5483399593904,18445,714.9658465694675,28903.500000000004,0.7482257219973326,0.6381580085456777
78,452.7058344255907,2562.2246625810335,2544.9343417595164,56458,1329.457087606709,103816.5,0.5223934723154976,0.5438249218573156
79,346.7023176936122,2675.430638778971,562.0437226013958,8845,420.1705145706307,11959.5,0.7475762074628094,0.7395794138550943
80,394.20739503816793,904.3581583969466,927.9453095790604,20960,663.8647983990362,28758.000000000004,0.7154137119354396,0.7288406704221433
81,306.7062436028659,2027.6888433981576,121.63961030678928,977,121.13738815854252,1041.9999999999998,0.9958712285662532,0.9376199616122842
82,299.44175824175824,2699.8054945054946,127.15432893255071,910,123.96666298695705,1010.5000000000002,0.9749307320297009,0.9005442850074219
83,344.4732285258601,1985.4329004329004,364.0315292925759,4389,301.3127947243573,5966.5,0.8277107076683708,0.735607139864242
84,416.6024040377208,72.47556116350113,787.5117600329312,15058,567.0409889677023,21739.5,0.7200412968359869,0.6926562248441777
85,445.9453891937853,1880.2104042668316,1249.668181006535,25874,790.8326269970735,44313.99999999999,0.6328340906944625,0.5838786839373562
86,360.2003868471954,1274.73249516441,377.36248173426384,5170,303.44375002204606,6583.499999999999,0.804117432733361,0.785296574770259
87,376.3229787234043,2172.069219858156,415.6883835420683,7050,361.05950939676535,8485.500000000002,0.8685821487725686,0.8308290613399326
88,371.418752334703,2091.9902876354126,233.06601717798213,2677,209.31886790379008,3130.500000000001,0.8981097735237076,0.8551349624660595
89,414.6127124907613,1420.7292436560729,718.5239533417509,12177,532.9914524991487,17572.999999999993,0.7417866168835188,0.6929380299322828
90,363.4860736747529,2616.678346810422,131.88225099390857,1113,129.73003234828545,1174.0,0.9836807559060959,0.9480408858603067
91,384.05710306406684,1334.75069637883,217.23759005323595,2154,193.95031674406096,2587.5000000000005,0.8928027451258862,0.8324637681159419
92,369.54472630173564,1299.4779706275033,106.08326112068524,749,105.54704353273978,791.4999999999999,0.9949453138762823,0.9463044851547696
93,419.11843000097156,648.88011269795,610.7422074112308,10293,444.9779506458279,14105.5,0.728585555814077,0.7297153592570274
94,389.17357222844345,2120.0190369540874,116.5685424949238,893,114.75607715078695,949.4999999999999,0.9844515054804277,0.9404949973670353
95,388.0990990990991,1431.2342342342342,40.38477631085024,111,42.350347876862756,127.0,1.048671101973751,0.8740157480314961
96,544.0701321799588,805.1062694530902,1374.9646455628167,24739,820.4873077257026,45100.0,0.5967333853808664,0.5485365853658537
97,404.5769696969697,2870.3006060606062,115.94112549695429,825,115.99706669233387,873.4999999999999,1.0004824965700463,0.944476244991414
98,498.00020420665714,1147.8703968416037,842.7493500861672,14691,595.6855401409102,23838.999999999996,0.7068359531573702,0.6162590712697681
99,427.68759811616957,1282.9293563579279,273.0365799264593,3822,248.81035617854778,4463.0,0.9112711426636069,0.8563746358951378
100,429.7900287631831,2780.627996164909,272.651803615609,3129,240.37571437050093,3911.4999999999995,0.8816215817496968,0.7999488687204398
101,674.4345757992609,485.54069642176444,2657.0764773832475,60337,1299.8203594467097,112659.0,0.4891919259797911,0.535571947203508
102,414.0755555555556,2743.51,116.15432893255071,900,115.97333003241536,956.4999999999998,0.998441737800057,0.9409304756926296
103,417.9769585253456,1330.6578341013824,112.08326112068524,868,112.16844878628582,906.9999999999999,1.0007600391418738,0.9570011025358325
104,700.1998111952627,1056.1457443841318,2194.7139956489837,46609,1256.5999554596847,87709.00000000003,0.5725574985856434,0.5314049869454672
105,461.56879141685073,1338.204165351846,438.23253941935263,6338,369.66409834192217,8470.5,0.8435341173700109,0.7482439053184582
106,453.3112582781457,666.5253863134658,191.095454429505,1812,179.21560106903365,2142.5,0.9378328835924571,0.8457409568261377
107,434.0318181818182,2881.2090909090907,66.38477631085024,220,68.82090861400665,243.00000000000003,1.0366971531507327,0.905349794238683
108,513.959742754531,281.0217155266015,663.1269837220809,11973,532.3632132931807,16229.0,0.8028073451408458,0.7377534043995317
109,562.038239994054,2008.3323051767068,1296.638743755012,26909,783.4585164150968,41540.99999999999,0.6042226643222409,0.6477696733347778
110,455.30281690140845,2833.364436619718,133.63961030678928,1136,130.25438919367963,1204.5000000000002,0.9746690288505153,0.9431299294312991
111,598.6454052864648,1721.9227108947382,1564.746391493337,36357,943.2316283279113,60204.5,0.6028015999626146,0.6038917356675996
112,518.9841704718417,2857.1943683409436,467.32085117392114,6570,388.4368284381689,8549.5,0.8311994370942497,0.7684659921632844
113,520.0891463314435,2224.411962862542,639.1686142824235,12171,486.2986772577319,17225.499999999993,0.7608300319997496,0.7065687498185832
114,490.66375087473756,2801.232855143457,392.04877323527904,5716,342.26033578735746,7214.0,0.873004480955123,0.7923482118103687
115,527.6131976799468,609.2521631644005,566.4579361637689,10517,458.8065630507775,14264.000000000002,0.8099569866704662,0.7373107122826695
116,503.52572997976296,378.69109569239663,401.8183258569795,6918,364.5674641705347,8027.5,0.9072942688539706,0.8617876051074431
117,502.2842920353982,1361.3825589970502,352.43354954612926,5424,306.7315745512112,6619.500000000001,0.8703245617400105,0.8193972354407432
118,535.3314341132259,2595.452539701782,513.58787847868,8249,435.152656511745,11018.5,0.8472798419634218,0.7486499977310886
119,490.4537444933921,3.1806167400881056,73.79898987322333,227,76.20752549360562,240.5,1.0326364307224234,0.9438669438669439
120,502.4243641231593,634.6519410977243,109.05382386916237,747,109.00923791645863,810.4999999999998,0.9995911564480561,0.9216533004318325
121,518.3529202279202,665.255698005698,220.55129855222071,2808,207.79248077114806,3177.499999999999,0.9421503393322724,0.883713611329662
122,657.9833082183842,705.3883543912523,1421.491557497398,25881,846.645672030933,45708.0,0.5956037287491824,0.5662247309004989
123,602.2264959095387,2494.01927442498,1167.4844148224615,23347,761.4525147781383,35669.0,0.652216427997398,0.6545459642827105
124,584.1998703718707,2810.465121931459,637.3279938488577,12343,534.5221559531411,16329.499999999996,0.8386924175809906,0.7558712759116937
125,560.8973509933775,879.7354304635761,379.01933598375615,6040,333.6467411288172,7461.499999999999,0.8802894983255327,0.8094887087046841
126,539.7740899357601,917.7066381156317,117.63961030678928,934,118.35297783674906,996.9999999999999,1.006064007931507,0.9368104312938818
127,554.7731913004883,411.0022192632046,204.99494936611666,2253,193.08621054819264,2560.4999999999995,0.9419071598849235,0.8799062683069715
128,600.1037527593819,252.45358429185546,611.9970414071697,8607,441.75788889510676,13237.0,0.7218301053864072,0.6502228601646899
129,578.610029211295,1103.6850048685492,364.04877323527904,4108,306.42905426286586,6485.0,0.8417252763679155,0.633461835003855
130,607.8997945122688,1171.327692493654,557.9137802864846,8273,422.3805437501616,12211.0,0.7570713588276532,0.6775038899353042
131,583.485529245092,2180.733049989881,349.19090885901,4941,308.99368809450726,6194.5,0.884884687015913,0.7976430704657357
132,612.045823345012,405.1550802139037,642.7005768508881,10846,522.468751819072,15807.500000000002,0.8129271555645253,0.6861300015815277
133,584.2519004837595,480.2895646164478,395.64675298172574,5788,341.87582831925755,7332.5,0.8640936030506188,0.7893624275485851
134,850.1586438070118,1382.3292120013189,3422.9974003446687,72792,1554.3870518295257,144082.0,0.45410114879812974,0.5052123096570009
135,562.4845679012345,1244.0298353909466,125.25483399593904,972,123.30853548165108,1017.5000000000001,0.9844612902177408,0.9552825552825551
136,591.4005059021922,160.2150084317032,526.8010819142764,8302,429.6702628769529,12355.000000000004,0.8156214511094548,0.671954674220963
137,652.9381317532241,2138.7604043220636,1424.76363543604,28690,878.6850147649878,47367.50000000002,0.6167233588159848,0.6056895550746817
138,610.4725343320849,902.822810772249,667.7544007200504,11214,489.50834665825664,16090.500000000005,0.733066447979095,0.6969329728721915
139,562.78125,1829.1636029411766,145.74011537017762,1088,141.81412327062702,1193.4999999999998,0.9730616921114777,0.9116045245077505
140,619.8495726495727,15.136263736263736,326.2670273047588,4095,320.01747044177324,4425.0,0.9808452698557615,0.9254237288135593
141,595.7294372294373,2613.3537414965986,258.45079348883235,3234,235.01310133330202,3658.000000000001,0.9093146829261212,0.8840896664844174
142,574.485119047619,1136.6949404761904,102.08326112068524,672,101.63006952759909,713.5,0.9955605690089546,0.9418360196215837
143,690.6251265182186,1249.8212297570851,1609.1383104791234,31616,916.3207459908535,53412.499999999985,0.5694480953088598,0.5919213667212733
144,577.8029465930018,1065.9337016574586,145.19595949289334,1086,139.75029679568655,1287.0000000000002,0.9624943922942062,0.8438228438228437
145,690.9170363265796,1874.1632498101746,1313.3077913133243,25023,803.2511335046098,41568.5,0.6116244332193815,0.6019702418898926
146,591.4090247452693,1088.0829694323145,105.49747468305833,687,104.43119926878884,748.0000000000002,0.9898928821047817,0.9184491978609622
147,596.8813928182807,2215.645266594124,123.98275605729691,919,121.62974055373449,991.5,0.9810214292826738,0.9268784669692385
148,752.3862468679608,2693.382020196907,1752.4276323604688,39511,1033.0784309202384,71091.49999999999,0.5895127489679628,0.5557767102958864
149,590.4961089494163,420.8317120622568,128.66904755831214,1028,125.90535905599913,1098.0,0.9785209531370742,0.936247723132969
150,609.1611940298508,1062.1203980099503,202.16652224137047,2010,191.1871997391848,2396.9999999999995,0.9456916883148573,0.8385481852315396
151,614.7742574257426,2579.9960396039605,125.88225099390857,1010,122.62898907574656,1073.0,0.9741563096268477,0.9412861136999068
152,613.6306748466258,186.28220858895705,120.61017305526643,815,119.72392729862172,873.5,0.9926519817176731,0.933028048082427
153,702.0204444093619,1592.1264159134862,1278.0529573173853,25337,848.676084009823,42626.5,0.6640382772488409,0.594395505143514
154,645.5062836624776,175.7073608617594,296.56349186104046,4456,273.48371307120976,5169.5,0.9221759271682534,0.8619789147886643
155,643.998755186722,2601.0265560165976,221.89444430272835,2410,203.11113419887843,2886.9999999999995,0.9153502460916776,0.8347765846899897
156,636.8460144927536,317.8804347826087,136.36753236814712,1104,133.94067634474175,1186.5,0.9822035642849819,0.9304677623261695
157,646.6305133767173,2803.588575560376,152.8111831820431,1383,149.0401341793599,1453.5,0.9753221660603808,0.9514963880288958
158,661.7078287197232,1488.794766435986,293.76450198781714,4624,275.39768427644606,5165.500000000001,0.9374777497380102,0.8951698770690154
159,714.846548274137,292.5996331499083,1139.3422791987305,23988,768.3320972877217,38651.50000000001,0.6743645972903503,0.6206227442660698
160,1022.112574414078,2125.511456637793,3941.6979771955566,87853,1883.194549961657,178715.49999999997,0.47776226409449923,0.49158019310020684
161,671.7277151639345,933.8222336065573,356.8772003600252,3904,316.0135623304566,5625.499999999998,0.8854966414544148,0.6939827570882591
162,735.6555893234672,2472.122423361522,793.2102448427661,15136,551.5701129118675,21659.499999999996,0.6953643330983481,0.6988157621367068
163,841.5236575678964,2811.6834178929726,1853.16060505571,43559,1158.3372011238882,67520.99999999997,0.625060341755466,0.6451178151982349
164,777.0483093427486,883.1942558392178,1459.432682994352,29456,820.1513024402608,48927.0,0.5619658323380406,0.6020397735401721
165,683.742565055762,1018.8540892193308,183.4386001800126,2152,178.1472640182552,2249.0,0.9711547288489725,0.9568697198755002
166,835.1940941868429,1240.7298070337993,1309.3910524340095,24823,796.6662657002644,40701.00000000001,0.6084250111678647,0.6098867349696566
167,708.2005840071878,1643.2630278526506,321.63455967290594,4452,272.27001641956986,5408.499999999999,0.8465197791445715,0.8231487473421467
168,764.5844320028897,2173.1138703268916,658.541197284454,11074,491.185147344334,15776.499999999998,0.7458685187347037,0.7019300858872374
169,850.1618825963279,2083.249892250668,1717.2560594852148,34803,883.3813959933785,53525.50000000001,0.5144144876438471,0.6502134496641787
170,724.2,924.9732838589981,384.13203435596427,5390,323.8486623599353,7147.0,0.8430660121926564,0.7541625857002938
171,750.9931519192647,1904.8113173544782,386.91883092036784,5549,336.63840895933856,7119.0,0.8700491732557273,0.7794634077819919
172,720.6148491879351,2136.054524361949,121.74011537017762,862,119.3274262113766,915.5,0.9801816422510796,0.9415619879847078
173,797.6242041220582,599.2721313021742,976.0041840821061,21203,718.4159962412343,35587.49999999999,0.7360788078146167,0.595799086757991
174,850.1829729831004,749.1616892119758,1434.1189744953672,26687,879.2000048987503,49483.49999999999,0.6130593211125459,0.5393110834924774
175,791.8530492898914,1974.1492898913953,712.239682094289,11970,503.20428490597675,17253.999999999996,0.7065097572580358,0.6937521734090647
176,800.7266729500471,96.89161168708765,538.0975464705581,9549,455.2145919064689,13027.499999999998,0.8459703912278959,0.7329879101899829
177,857.0540477304633,1782.6457130972808,1624.9717882377531,38466,931.0508219644358,61218.499999999985,0.5729642992597062,0.6283394725450642
178,742.3946856772521,2868.0200907323397,165.29646455628165,1543,164.22686981103894,1598.0,0.9935292339850468,0.9655819774718398
179,801.4994407158837,1307.889485458613,543.7300141024109,8940,415.23736779171895,11936.5,0.7636829989552674,0.7489632639383403
180,740.7960199004975,1614.7151741293533,114.8111831820431,804,113.56184124728227,857.5000000000001,0.9891182905694833,0.937609329446064
181,846.3094287140717,291.3099992867841,1245.668181006535,28042,817.8031825605116,45713.999999999985,0.6565176786483409,0.6134225838911496
182,765.3482734964555,2540.7834438600503,341.9898987322333,4373,289.39528307719934,5682.000000000001,0.8462100317874774,0.7696233720520942
183,744.3665835411472,941.2718204488779,96.66904755831214,401,93.92671463335783,515.0,0.9716317374152249,0.7786407766990291
184,750.1147286821705,953.5937984496124,108.91168824543144,645,105.4061436142221,721.5000000000001,0.9678129621560028,0.8939708939708938
185,787.6374106433677,1633.3905215779719,508.4995667241114,7554,398.01782043624047,10783.500000000002,0.7827299106671348,0.7005146751982194
186,763.1602288984263,6.909871244635193,121.59797974644667,699,121.92179520091887,729.5000000000001,1.0026630002829604,0.9581905414667579
187,894.5247287377344,2538.307199881361,1905.3809511662428,40459,1067.113739291486,76757.50000000001,0.5600526963588717,0.5271015861642184
188,819.0586903799515,2575.29135004042,416.20310216782974,6185,325.8824447799156,7802.000000000003,0.7829889856239148,0.7927454498846447
189,793.0444177671069,1901.5210084033613,112.8111831820431,833,110.93721100275158,881.0,0.9833884183603723,0.945516458569807
190,805.0653266331658,2514.7989949748744,129.0538238691624,995,125.96532374159149,1047.0,0.9760681238651086,0.9503342884431709
191,1044.9463302113782,563.2951142396946,2098.003317530329,50289,1217.7510076378765,85535.5,0.5804333088812061,0.5879313267590649
192,882.6270406841151,1595.3333765224152,845.619407771256,15436,573.9230468899652,22488.0,0.6787013656682938,0.6864105300604767
193,907.7438708003632,58.28278635361266,812.239682094289,15418,563.2795186228199,21338.499999999993,0.6934892877561126,0.7225437589333835
194,991.2769013276512,965.9564210785118,1933.7901140947326,48808,1041.002972913983,75499.5,0.5383226262904488,0.6464678574030291
195,884.4252913855053,2350.300937691701,670.4528855298854,11411,508.3223750062885,17004.0,0.7581776228832862,0.6710773935544577
196,1118.3790463331907,1110.6562222149043,2623.5323215059634,60734,1444.9751848590147,120042.50000000003,0.5507746838161949,0.5059374804756648
197,877.8922501699524,2869.2100611828687,259.3380951166243,2942,254.98708060609633,3128.0000000000005,0.9832226171455015,0.9405370843989769
198,939.348202310388,1948.48388352875,1232.6803743153546,23113,743.8677421534662,36477.00000000001,0.6034554923182088,0.6336321517668667
199,880.883641674781,25.57108081791626,220.53910524340097,2054,204.72746948751535,2549.9999999999995,0.9283046163698049,0.8054901960784315
200,869.2937685459941,1333.347181008902,110.66904755831214,674,109.49165996119437,747.5,0.9893611843320744,0.9016722408026756
201,992.894158503084,202.5363862540818,1853.6997102991108,38586,966.2942780534202,65706.00000000001,0.5212787554989152,0.5872523057255044
202,915.2716829408386,1508.2963813900058,580.9432175380074,8705,434.53177098573644,12673.000000000004,0.7479763217259832,0.6868933954075592
203,915.946083172147,618.5029013539652,266.9655121145938,4136,251.77410726700134,4538.999999999999,0.9430960024489169,0.911213923771756
204,894.0264064293915,136.86452353616534,121.98275605729691,871,120.63787307453211,919.0000000000002,0.9889748106516539,0.9477693144722522
205,1041.6170692826486,406.36522378908643,1624.4865068635145,40775,961.9158108809298,64393.0,0.5921353035662658,0.6332210022828568
206,1051.115340909091,1694.7065205627705,1703.3098833543772,36960,927.8605799254912,58786.000000000015,0.5447397381962162,0.6287211240771611
207,1005.2811851678696,2395.6610174444086,1842.0499987245548,34223,1036.1530046525759,70838.00000000001,0.5624999350560591,0.4831164064485162
208,980.8435945527195,760.5805267878985,669.5533905932738,12263,508.01973923254155,16714.000000000004,0.7587441813749887,0.7336963025008973
209,940.1861614497528,707.6062602965403,303.3919189857867,4856,281.6215064251711,5531.5,0.9282432682011037,0.8778812257073126
210,942.8889172625128,2412.7574055158325,305.04877323527904,3916,279.3943728225688,4663.5,0.9159006602759768,0.8397126621636111
211,925.2894211576846,2359.052894211577,131.1543289325507,1002,130.20452410562606,1078.9999999999998,0.9927581130210876,0.9286376274328083
212,1076.3794087236242,2709.3454409681003,2187.086578651014,52226,1176.2897116152233,90609.50000000001,0.5378340862668336,0.5763854783438822
213,937.2097625329816,1571.3047493403694,112.12489168102785,758,110.68817582450646,810.4999999999999,0.9871864682767449,0.9352251696483653
214,1315.1071835452783,1879.6546633001817,5198.714354586482,129908,1997.0299230837597,253287.0000000001,0.3841391903599997,0.5128885414569242
215,1093.0076686598425,845.5469071990811,1495.9768388716363,29601,894.8790321511414,54204.00000000001,0.5981904324308375,0.5461036085897719
216,975.3851851851852,2370.8685990338163,250.52186130069785,3105,226.3524779919305,3773.9999999999995,0.9035238554300968,0.8227344992050876
217,973.5634486945962,1591.1153612629023,289.7056274847714,3294,265.6691315568768,4152.500000000001,0.9170313116228365,0.7932570740517758
218,1060.0536888676313,1450.593686476145,1588.687516990291,33452,872.525426954814,53038.5,0.5492114828268939,0.6307116528559442
219,1043.859020791415,29.472971160295103,441.8061325481598,7455,398.87258451531176,8959.0,0.9028226525846877,0.8321241209956468
220,1172.8359001437414,687.3128575200211,1557.2438661763952,34089,984.4449922370787,55544.99999999998,0.6321713725251346,0.6137186065352419
221,1050.3332434981808,1924.7596011319229,504.7422074112307,7421,431.1056524210857,11659.000000000005,0.8541105659306379,0.6365039883351914
222,996.4107676969093,2405.7966101694915,173.095454429505,2006,168.53270441781615,2092.5,0.9736402667145307,0.9586618876941457
223,987.2377049180328,1127.308743169399,77.01219330881976,366,76.32619743566342,406.0,0.9910923732504866,0.9014778325123153
224,1163.3916892547186,113.68671822544948,1481.4671708797582,40213,900.1175417044929,56067.5,0.6075852097147484,0.7172247737102599
225,1040.8625126989502,1993.3657297663394,251.73506473629428,2953,233.09399356598058,3675.0,0.9259496439646133,0.8035374149659864
226,1028.0443181818182,1877.9522727272727,125.19595949289332,880,124.15430019716871,960.0000000000002,0.991679769060089,0.9166666666666664
227,1035.2827346465817,797.6523754345307,123.88225099390857,863,121.35147149859475,940.5,0.9795710888766602,0.9175970228601807
228,1239.2690583655174,2537.062615358367,2600.4440097513943,64473,1274.5419645166235,115874.5,0.4901247478266111,0.5564036953773264
229,1071.0536019768106,758.3037445352595,363.1614716074871,5261,305.3637892992983,6649.500000000003,0.8408485292992264,0.7911873073163392
230,1114.8198171038086,1310.9996985227615,658.5828278447966,9951,499.448735551591,15046.499999999996,0.7583689012755317,0.6613498155717278
231,1251.9589933598384,222.4354613767407,2050.0327547818515,48041,1180.4779921285606,78760.5,0.5758337223515133,0.6099631160289739
232,1058.6383374689826,1956.037841191067,181.7228714274745,1612,169.9108367586739,1951.5,0.9349997357183805,0.8260312580066616
233,1132.4221539295884,2343.3282415148915,1106.2123368838193,22127,690.5636844895515,34287.00000000001,0.624259612250264,0.6453466328346019
234,1098.8727744165947,1992.5011235955055,406.23253941935263,5785,347.1195975990212,8416.000000000002,0.8544849659142905,0.6873811787072241
235,1149.6486138896828,2147.662975135753,727.5361466505707,13996,589.718523096208,20019.0,0.8105693796949509,0.6991358209700784
236,1092.4080512351327,1232.1978499542543,306.7766952966369,4372,272.15725325874985,5275.0,0.8871510040734617,0.8288151658767773
237,1080.5932971014493,2787.0371376811595,145.29646455628165,1104,140.65999858470838,1188.5,0.9680896160430847,0.9289019772822886
238,1075.0648379052368,1979.2344139650872,112.32590180780451,802,111.08502507115747,844.9999999999998,0.9889528887222269,0.9491124260355032
239,1170.8888544651847,1551.976299279684,1305.8935777509512,25822,715.5776168747768,38362.99999999999,0.5479601317185171,0.6730964731642469
240,1097.5567695961995,2866.8484560570073,186.8111831820431,2105,183.21926469370882,2216.5,0.9807724653998148,0.949695465824498
241,1142.1436247458612,2791.4216526285218,710.2813126546316,13772,543.7195815569847,19385.499999999996,0.7654989253833345,0.7104278971396147
242,1135.3396946564885,1166.8278972935461,399.9604614807105,5764,327.70196046020357,7408.499999999999,0.819335889470185,0.7780252412769117
243,1135.0910087719299,1247.622807017544,118.5685424949238,912,117.34274118380861,962.0,0.9896616650139924,0.9480249480249481
244,1271.8064282673479,503.59774372073224,1272.1950929411162,23490,799.6836166299779,41660.00000000001,0.6285856792461244,0.5638502160345654
245,1144.4990234375,2456.7509765625,132.95331880577405,1024,130.46822001177156,1087.5,0.981308486194069,0.9416091954022988
246,1175.4077285112708,2240.5992073321772,292.3919189857867,4037,258.1730296971081,4862.0,0.8829691004889162,0.830316742081448
247,1159.0180995475114,1426.1710407239818,133.19595949289334,1105,131.47867746123518,1170.0,0.9871071011598532,0.9444444444444444
248,1437.4960805965673,901.5369650866359,3284.752667616496,73353,1504.8524484824422,136972.5,0.4581326513007761,0.5355308547336144
249,1228.1690486101475,1268.4353637667084,1136.3717164502532,21621,789.8270186583832,38671.00000000001,0.6950428343338299,0.5591011352176048
250,1175.577819198509,2201.8816402609505,126.36753236814714,1073,124.76999202014636,1148.5000000000002,0.9873579841430578,0.9342620809751848
251,1215.5339805825242,2869.983009708738,323.237590053236,3296,298.5279322182209,4405.5,0.9235557416730352,0.7481557144478492
252,1185.004658385093,6.886645962732919,117.25483399593904,644,118.76583508782808,673.5000000000001,1.0128864716310235,0.9561989606533035
253,1293.2866019748042,2312.296773918965,1138.0285706997456,23496,737.0595734278858,37475.0,0.6476635054730533,0.626977985323549
254,1284.7290632673319,1453.8968183480488,900.9453095790604,19141,623.7792771123322,26282.5,0.6923608686122961,0.7282792732807001
255,1229.0880267000416,2200.618550966486,438.4751801064719,7191,365.88384748259546,9442.0,0.8344459711351289,0.7615971192543952
256,1241.5062284099236,322.64670784046893,515.1858582251266,9553,431.2994352735739,12029.0,0.8371725046169729,0.7941641034167428
257,1208.6617492096943,2854.0611169652266,135.8528137423857,949,133.3529819334608,1042.5,0.9815989692074742,0.9103117505995204
258,1248.7552954292084,435.2119565217391,483.6883835420683,7176,378.6439460906857,9914.500000000004,0.7828262140964845,0.7237883907408339
259,1248.025223127668,1055.4131418962618,548.0731598529186,7731,403.2334082767674,11128.999999999998,0.7357291650351561,0.6946715787581994
260,1234.5759043927649,1281.5888242894057,258.1076477383248,3096,233.1195765650464,3698.9999999999995,0.9031874049752612,0.8369829683698298
261,1378.4150553911786,660.2757632055781,1998.606347910659,43599,1086.564468626284,80178.00000000001,0.5436610715072417,0.5437775948514554
262,1361.330368173956,2791.7464788732395,1508.094587877728,36423,864.0651663447956,53418.5,0.572951572991688,0.6818424328650187
263,1272.5097690941386,1333.118751585892,306.3919189857867,3941,264.0860657769387,4734.5,0.8619224248835019,0.8324004646742
264,1303.921185422507,2134.8036844213057,639.6122650963196,12485,511.91540616229327,17185.000000000004,0.8003527044391553,0.7265056735525166
265,1330.0099520557897,997.8151242190905,808.6244584051392,13766,596.6701011665184,23816.0,0.7378828267739252,0.5780147799798455
266,1518.9434042161465,2686.633305716653,2236.7018023401642,54315,1368.2389880835328,93869.99999999999,0.6117216817422884,0.5786193672099713
267,1257.2911153119092,12.349716446124763,125.94112549695429,1058,126.65996970753848,1086.4999999999998,1.005707779787958,0.9737689829728488
268,1281.4896321070235,1579.8735785953177,298.5929291125633,4485,277.566849219719,5071.999999999999,0.9295827936872615,0.8842665615141957
269,1253.7526427061312,1070.3446088794926,119.29646455628166,946,117.46992607490051,1001.5,0.9846890812047542,0.9445831253120319
270,1272.075800256082,1651.1218950064022,266.79393923934,3905,246.11222951305527,4481.500000000001,0.922480586383444,0.8713600357023317
271,1284.218149701921,2034.170236255244,300.5929291125633,4529,276.9348914067807,5219.5,0.9212954284199967,0.8677076348309225
272,1260.002049180328,397.0071721311475,120.08326112068524,976,120.12710391462785,1010.0,1.0003651032919447,0.9663366336633663
273,1260.9132231404958,1682.0702479338843,64.45584412271572,242,66.75560932993443,261.0,1.0356797003983107,0.9272030651340997
274,1264.810495626822,1294.6608357628766,121.98275605729691,1029,120.71482479773223,1079.5,0.989605651646622,0.953219082908754
275,1297.9206968278731,1043.6383255330213,324.2203461105329,3846,284.802023808733,5154.0,0.8784211947995347,0.7462165308498254
276,1300.1500725689405,1390.8357039187229,273.3919189857867,3445,245.99286903035554,4256.5,0.8997810540374619,0.8093504052625397
277,1426.5014889322701,2298.758164311948,2480.010460205265,60446,1304.8752211047292,110221.99999999999,0.5261571441100806,0.5484023153272487
278,1290.6067275747507,399.30398671096344,205.3380951166243,2408,197.02404175071766,2738.5,0.9595104193345878,0.8793134927880226
279,1732.3354282218054,180.98695183751647,5070.9498525986655,150366,2336.859559590524,307059.49999999994,0.460832709357789,0.48969662231587047
280,1349.0175054704596,1334.1550484526415,462.3746750430836,6398,385.295209525353,8990.000000000002,0.8332965240569277,0.7116796440489431
281,1304.8193548387096,1635.2387096774194,124.46803743153548,930,121.44317010418817,1000.5,0.975697637805118,0.9295352323838081
282,1354.0374767374703,320.9912725405891,866.1219330881976,15583,669.6033461017234,26925.999999999996,0.7731051720561122,0.5787343088464681
283,1394.4446907659594,1233.8878432791928,1045.6437943888955,22103,655.7278602406277,31931.0,0.6271044343775349,0.6922113306817826
284,1353.707266520361,1620.2093391855644,480.0315292925759,8202,424.46146025655196,10264.0,0.8842366268775766,0.799103663289166
285,1316.715297450425,1360.9348441926345,105.49747468305833,706,104.80016324847773,757.5,0.9933902547271818,0.932013201320132
286,1338.8453276047262,2217.1911922663803,142.22539674441617,931,138.9082030554286,1098.9999999999998,0.9766765024748099,0.8471337579617836
287,1418.2553564209675,1510.990769438081,783.7371567773473,14842,565.4561773183309,22076.000000000004,0.7214870092971385,0.6723138249682913
288,1558.0073972018567,1649.680772195706,2712.716087690037,60969,1301.5042294778434,109002.00000000001,0.47977900650344696,0.5593383607640227
289,1356.6203059805284,7.45201668984701,118.76955262170048,719,119.66392215969786,743.0000000000002,1.0075302930612704,0.9676985195154775
290,1504.6844313777897,1346.285687558466,1700.2022356160526,37415,974.6288957890009,64931.99999999997,0.5732429209727825,0.5762181974989222
291,1474.6472355936448,1030.1399037257574,1724.5453813665602,35939,908.7654165492355,59526.49999999999,0.5269594099223494,0.6037479105944412
292,1376.9787664307382,356.87630603303,235.96551211459382,2967,219.5574264086393,3351.0,0.9304640514670375,0.8854073410922113
293,1363.2988792029887,975.4433374844334,111.74011537017762,803,110.22375345173253,877.5000000000001,0.986429565483966,0.915099715099715
294,1591.585310596833,1937.237198538368,1869.0378054157352,41050,1217.4760640795346,72483.00000000001,0.6513918876074998,0.5663396934453595
295,1388.9673485444532,2543.186860739575,212.55129855222071,2542,202.42655703197076,2855.0,0.9523656567181007,0.8903677758318739
296,1441.6833145977196,514.9382527701944,697.4701294725885,12454,523.63072727765,18425.999999999996,0.7507572083031111,0.6758927602301098
297,1453.4875141884222,1614.7296254256526,519.7716446627535,8810,430.79360171516765,11906.999999999996,0.8288132031417028,0.7399008986310576
298,1391.8271474019089,483.84517497348884,118.5685424949238,943,116.60306486343295,1004.9999999999999,0.9834232791418938,0.9383084577114429
299,1435.1085733200928,325.9036742800397,435.8183258569795,6042,380.51669024378754,7705.500000000001,0.8731085125792988,0.7841152423593536
300,1422.0701598579042,406.5039076376554,417.2203461105329,5630,344.24305998280954,7889.0,0.8250869431271942,0.7136519203954874
301,1414.2497285559175,2562.500542888165,126.22539674441619,921,123.07901507911882,991.0000000000001,0.9750733073814913,0.9293642785065589
302,1455.3495359446279,271.01982067012744,404.26197667087547,6357,339.4855484440376,7980.0,0.8397662111082618,0.7966165413533834
303,1584.174094565697,2562.6869420589933,1330.4377336282355,29461,908.1663451438212,47004.0,0.6826071767125558,0.6267764445579099
304,1410.3216957605985,356.68703241895264,113.49747468305833,802,112.50788927892933,839.9999999999998,0.991280991873234,0.954761904761905
305,1462.3901888920213,2568.7947561319424,558.9259735953042,10641,448.29536719145574,13939.5,0.8020657267147302,0.7633702787044012
306,1509.4442737430168,2864.265782122905,510.2081528017131,7160,472.6359331930857,10150.000000000004,0.9263590371845166,0.7054187192118224
307,1566.3481341761826,735.6859196574225,1045.0163773909258,19616,706.8916594718982,33062.49999999999,0.6764407474998452,0.5933005671077506
308,1508.9159004867497,405.37119163511807,624.98484809835,11094,472.32086729992943,15326.500000000002,0.7557317089159308,0.7238443219260756
309,1576.201694807668,1174.9781642757396,1547.6336931211288,31508,846.3710218399606,49268.499999999985,0.546880715767486,0.6395161208480066
310,1486.6287256512555,776.4644449659704,491.0609665440988,8522,411.2982841448239,10838.0,0.8375707135498583,0.7863074367964569
311,1514.5151221090086,2245.2809315866084,384.2914139223983,6183,350.48735036687003,7756.500000000001,0.9120353400288187,0.797137884355057
312,1493.556270096463,1739.575026795284,176.02438661763952,1866,170.470764146121,2031.0,0.9684496984864824,0.9187592319054653
313,1655.3030105465004,609.9887503994887,3175.1252506185265,78225,1566.8278558831653,133601.5,0.49346962157727203,0.5855098932272467
314,1497.127996749289,319.9016659894352,200.06601717798213,2461,191.51913527733873,2645.0,0.9572796918677101,0.9304347826086956
315,1785.9690662993353,2436.962523207762,2847.52727087208,66788,1553.7594866006575,142722.49999999994,0.5456521883018894,0.467957049519172
316,1520.444245810056,823.1441340782123,342.5340546095176,4475,287.54082030628115,5740.000000000001,0.8394517754857171,0.7796167247386758
317,1536.6028582930758,29.600040257648953,291.1787155501902,4968,284.8594199695291,5160.5,0.9782975360382348,0.9626974130413719
318,1595.2300163132138,2148.4482369180573,786.222438151586,15938,625.0551779984489,22641.999999999996,0.7950106072626949,0.703913081883226
319,1514.4968833481746,2588.846838824577,138.02438661763952,1123,135.00549952915304,1201.0000000000002,0.9781278717300189,0.935054121565362
320,1722.1829268292684,2108.6697892271663,1666.8834764831845,35014,1034.3921538250136,59737.000000000015,0.6205545669019346,0.5861358956760465
321,1521.2935242434103,1376.0702896192645,264.936074863071,3073,243.77674099410572,3991.9999999999986,0.9201341913142587,0.7697895791583169
322,1522.9411764705883,1725.4376470588236,90.66904755831214,425,89.6925971851509,510.00000000000006,0.9892306095690124,0.8333333333333333
323,1556.7382833070037,2826.216429699842,311.4213562373095,3798,269.02090521483115,4848.5,0.8638486084102455,0.7833350520779623
324,1538.9661962586151,2195.9533967837215,230.86500705120545,3047,217.25586479601208,3447.0000000000005,0.9410515156496849,0.883957064113722
325,1521.8721804511279,2801.4561403508774,91.74011537017762,399,89.76503302823272,489.50000000000006,0.978470897556916,0.81511746680286
326,1533.1853448275863,1626.9146551724139,144.68124086713192,1160,137.96224529454295,1327.0,0.9535600086623576,0.8741522230595328
327,1539.827868852459,2794.0879284649777,154.02438661763952,1342,149.47472871473954,1538.0,0.9704614444322096,0.8725617685305592
328,1541.4770270270271,772.7405405405406,111.49747468305833,740,109.74967118975317,800.5,0.9843242773141414,0.924422236102436
329,1554.1526369168357,1354.6774847870183,191.78174593052023,1972,181.0526137979489,2315.0000000000005,0.9440555091387147,0.8518358531317493
330,1554.324,1384.9693333333332,107.15432893255071,750,106.72689519024328,788.0,0.9960110455026369,0.9517766497461929
331,1590.1113172541743,2778.2048546691403,415.4041122946064,6468,355.03274300539283,8227.0,0.8546683398107577,0.7861918074632308
332,1588.5135082979546,1388.1132767271324,375.36248173426384,5182,323.1496528734196,7343.0,0.8609002460245665,0.7057061146670298
333,1578.619708029197,1822.1726277372263,232.82337649086287,2740,217.52454276548812,3228.500000000001,0.9342899585258134,0.8486913427288212
334,1652.085985018247,1462.7074716691209,868.3056992722711,15619,599.7650640851795,23261.000000000004,0.6907303091386408,0.6714672628003954
335,1567.8025751072962,2219.1491416309013,125.15432893255071,932,122.49000090218235,984.4999999999999,0.978711659012576,0.9466734382935501
336,1569.5976744186046,1851.0058139534883,119.98275605729691,860,119.0951921135872,906.9999999999999,0.9926025707953745,0.9481808158765161
337,1637.031872137583,2471.223852696514,570.7422074112308,10699,460.0012881270085,14813.999999999998,0.8059703350370383,0.7222222222222223
338,1635.1618265571801,24.694772681754458,344.8061325481598,4993,327.1401406298996,5646.5,0.9487654358473663,0.8842645886832551
339,1627.1156858357574,2228.664690087268,514.6295090390227,8938,414.97051502823024,11982.000000000004,0.8063480770916391,0.745952261725922
340,1615.885228016583,1842.8833733362426,590.9137802864846,9166,454.9703087489029,13256.499999999996,0.7699436430951498,0.6914343906762722
341,1602.026595744681,2853.796808510638,127.84062043356596,940,127.00355407503258,998.5000000000001,0.9934522661444031,0.9414121181772658
342,1692.4060322740145,224.10212612936576,1016.5189027078676,22247,732.3400040380778,35858.50000000001,0.720439139977844,0.6204107812652508
343,1719.0167367973145,1839.6611980521016,1065.9453095790604,21151,731.8174166876364,32648.0,0.6865431182174154,0.6478497917177163
344,1735.6567854341274,478.0266297840717,1253.1412690719537,24221,785.8324199741295,42261.0,0.6270900491180041,0.5731288895198883
345,1615.5601404741,2541.1299385425814,129.88225099390857,1139,128.62788100030602,1198.5,0.9903422524324638,0.950354609929078
346,1883.1706850613793,1722.6614250453601,2832.544514814783,61177,1349.5001897655693,113596.99999999999,0.47642682496511857,0.5385441516941469
347,1649.8282460136675,1916.6075170842826,343.5046173579948,4390,282.38480488088754,5487.499999999999,0.8220698954581761,0.8000000000000002
348,1658.405793573515,1580.6959591041868,318.71782079359116,4108,286.1104018609331,5471.499999999999,0.8976918866617899,0.7507995979164764
349,1664.9673433362755,2320.7069726390114,356.73506473629425,5665,321.7858553217456,6440.500000000002,0.9020303500571669,0.8795900939368059
350,1620.409090909091,1413.4246753246753,110.42640687119285,770,109.0365291299807,809.0,0.987413538295841,0.9517923362175525
351,1908.840272851941,951.585957819076,3401.8258274694144,84588,1611.8182358489792,155292.00000000003,0.4738097473520551,0.5447028823120315
352,1654.1061980347695,2527.1421012849582,352.04877323527904,5292,303.6007278621345,6544.500000000001,0.862382575778027,0.8086179234471693
353,1673.0391774046595,2849.9204737732657,421.1076477383248,7683,385.0617485301751,8710.999999999998,0.9144021738817992,0.8819882906669729
354,1785.244230426253,1420.7926520420901,1387.6093065034893,28035,849.0939489668509,45921.0,0.6119113968083751,0.6105049977134644
355,1651.19256381798,1548.8207547169811,182.06601717798213,1802,171.70993298320624,2060.0,0.9431190710089951,0.874757281553398
356,1752.131678791465,1252.5320756030492,1385.479364188578,28729,764.0839449281588,44029.99999999999,0.5514942803754088,0.6524869407222349
357,1687.3037158919512,354.7209653092006,450.445742854949,7293,387.2610675367232,9478.000000000004,0.859728554836021,0.7694661320953785
358,1653.8956442831216,2277.3493647912887,136.5685424949238,1102,134.96693199142175,1159.9999999999998,0.9882724786085962,0.9500000000000002
359,1656.9512195121952,3.395121951219512,130.21320343559643,410,131.18755568564075,447.00000000000006,1.007482745407813,0.9172259507829976
360,1652.160777385159,1082.9063604240282,139.92388155425118,1132,137.68148280931854,1213.5,0.9839741528034782,0.9328388957560775
361,1726.9586812245773,1520.0064226075788,593.3279938488577,9342,464.2351535561018,13607.0,0.7824258392809955,0.6865583890644521
362,1665.3926380368098,1867.8,118.8111831820431,815,116.01922079665542,878.0,0.9765008452015008,0.928246013667426
363,1732.5508857242098,1081.1346995484544,863.9797974644666,14395,593.294340425614,24566.0,0.6866993211725124,0.5859724822925996
364,1758.8669732128535,2283.6950221889538,958.6904755831214,18703,652.3099225033399,28050.5,0.6804176521171484,0.6667617333024367
365,1681.9188829787233,1549.876329787234,109.05382386916237,752,107.40796904275138,812.5,0.9849078668861202,0.9255384615384615
366,1877.4509966980556,2700.559752965635,3032.5739520663055,81770,1458.6893834763525,142221.0,0.48100702786899724,0.5749502534787408
367,1757.8097883043388,606.4317753091595,613.7716446627535,9542,465.32142643946105,14325.0,0.7581344470468968,0.666108202443281
368,1784.6008009465731,2833.043141894967,589.7300141024109,10987,485.379190307066,15950.0,0.8230532255439459,0.6888401253918496
369,1737.2130235602094,936.540085078534,316.73506473629425,6112,301.85476451041654,6437.5,0.9530197256869344,0.9494368932038835
370,1734.220536756126,407.10968494749125,115.15432893255071,857,114.76484105038448,907.4999999999999,0.9966176878821953,0.9443526170798899
371,1739.318225650916,2032.5805207328833,130.36753236814712,1037,127.9626467636087,1092.0,0.9815530327156364,0.9496336996336996
372,1752.2745635056488,1084.9195480999658,212.2670273047588,2921,203.03719191888186,3098.9999999999995,0.9565178091808608,0.942562116811875
373,1948.255288865886,744.4205861422009,1429.0235200658624,30914,985.2836453787706,56172.5,0.6894803560219638,0.5503404690907473
374,1791.686491616577,375.8506801645049,404.58787847867995,6322,351.73432966608823,8221.999999999998,0.8693644777215517,0.7689126733154952
375,1856.1659475276497,1583.8042453999901,921.5777772109134,20163,631.9275399322365,29437.000000000004,0.6857017991956341,0.684954309202704
376,1836.6833000153774,294.8282331231739,627.1686142824235,13006,506.7742134763221,17275.5,0.8080350354523863,0.7528580938323058
377,1816.8459929546455,1039.0999559665345,528.6589462905455,9084,432.5214132255981,12411.0,0.8181482906143592,0.7319313512206913
378,1871.06800251344,1999.8167981568108,1365.0062761231593,28646,814.6284497453778,46900.5,0.5967946550832394,0.6107824010405006
379,1905.3931950683361,2234.108350058938,1611.415439051649,31389,895.2012628146821,54388.49999999999,0.5555372259195471,0.5771256791417304
380,2035.9482954439666,1394.8920665065446,2435.2531008923847,53709,1336.0470584729135,103981.99999999999,0.5486275976748891,0.5165220903617934
381,1800.755980861244,21.911749069643808,170.5685424949238,1881,168.41287677832233,1938.5000000000005,0.9873618799511895,0.9703378901212275
382,1807.9317687961757,624.5171664493698,200.02438661763952,2301,192.27082833546464,2526.5,0.9612369350893382,0.9107460914308332
383,1794.2492307692307,1085.8964102564103,123.01219330881976,975,121.63487367507913,1025.0,0.9888033893495185,0.9512195121951219
384,1887.8249534450651,542.2151210428306,736.7077195258245,13425,562.0145829870809,18129.0,0.7628732102180451,0.7405262286943571
385,1846.1590106007068,662.4156020657788,287.1370849898476,3679,259.6975808895604,4213.999999999999,0.9044376169617471,0.8730422401518749
386,1811.2785445420327,555.4629861982434,117.98275605729691,797,114.08236506593423,881.9999999999999,0.9669410079768902,0.9036281179138324
387,1874.0163401643044,1110.4858716258914,599.5706345359769,11077,476.33025098347906,15646.499999999998,0.7944522689176119,0.7079538554948391
388,1928.7768133688685,1830.3064899517396,1433.4204896855322,27766,805.8912286755626,43449.50000000002,0.5622155079228436,0.6390407254398781
389,1986.8178190604979,482.0617615110067,2061.4713549618646,45109,1157.6166915818826,78270.49999999999,0.5615487640881129,0.5763218581713418
390,1830.0236111111112,341.2972222222222,105.84062043356596,720,104.66057041069784,771.5,0.9888506887239119,0.933246921581335
391,1959.9535834031853,1153.4499685666387,988.1635636485403,19088,677.6460781324864,30769.99999999999,0.6857630690514961,0.6203444913877155
392,1895.9401110523534,384.42966684294026,452.8599564173221,7564,403.38663400652746,9471.999999999998,0.8907535945500915,0.7985641891891894
393,1852.079254079254,624.93006993007,117.35533905932738,858,116.54532285076566,907.9999999999999,0.9930977472771628,0.9449339207048459
394,1959.1951205801338,110.30249030299623,904.2051942088829,17789,650.4010018018388,27095.0,0.7193068630521359,0.6565417973795903
395,1957.2731083481349,653.6113676731794,775.9797974644666,14075,548.6659507202212,19519.0,0.7070621587224318,0.7210922690711614
396,1915.4205515024112,1281.6639050327688,535.58787847868,8087,437.73858685158103,12395.999999999998,0.8173048801906483,0.6523878670538884
397,1918.8801751592357,2561.360469745223,319.7056274847714,5024,292.55945929701437,5978.500000000002,0.9150901146116044,0.8403445680354601
398,1883.578125,10.833333333333334,77.31370849898477,384,78.87066353973731,404.00000000000006,1.0201381497664543,0.9504950495049503
399,1968.9973778057479,1495.8230543318648,518.7594513539339,9534,437.47146380095154,11975.999999999998,0.843303119893382,0.7960921843687376
400,1929.2370426829268,21.81859756097561,234.16652224137047,2624,217.12527034525573,3038.0,0.9272259256660556,0.8637261356155366
401,2026.9363863787205,2485.8949303109207,1038.4722215136417,19587,675.8516944006477,30449.50000000001,0.6508134549959838,0.6432617941181298
402,1969.0362017804155,2087.740801186944,439.58787847867995,6740,373.41977178869456,8923.999999999998,0.8494769534615487,0.7552666965486331
403,2033.9625595238094,2036.8155952380953,980.2712113868649,16800,701.1636484302066,26514.500000000004,0.715275160879423,0.6336155688396914
404,1983.282128948507,1300.596711380355,411.38686835190333,4622,343.53341241178885,7924.500000000001,0.8350616872824629,0.583254464004038
405,1942.108991825613,3.5313351498637604,109.45584412271572,367,108.3126729431543,427.49999999999994,0.9895558689558891,0.8584795321637428
406,1946.3842940685047,1274.3667502088554,149.19595949289334,1197,144.12969971967988,1420.9999999999998,0.9660429157033922,0.8423645320197045
407,1987.051162338294,2582.2888824044353,603.7422074112308,10281,467.6685371241816,14687.999999999996,0.774616270625644,0.6999591503267976
408,1945.553235908142,2541.3350730688935,124.8111831820431,958,123.73712052024042,1018.0000000000001,0.9913944998002615,0.9410609037328094
409,1975.26547151277,40.800098231827114,308.5512985522207,4072,274.17232004430974,5190.0,0.8885793750691588,0.7845857418111754
410,2095.531078915743,911.2123447723327,1378.2783540618013,29956,942.9561539284889,53420.00000000001,0.6841550918575967,0.5607637588918007
411,2032.1741692198916,2220.5292638856154,644.1980515339465,12729,511.6347491330861,16727.5,0.7942196470709523,0.760962486922732
412,1970.1418395788169,2829.725611644472,255.59292911256333,3229,239.07599854228735,3787.5000000000005,0.9353779831561697,0.8525412541254125
413,1944.0395256916995,2880.02371541502,67.31370849898477,253,69.21841348885981,275.50000000000006,1.0282959449471392,0.9183303085299453
414,1950.4790697674418,2858.1372093023256,116.91168824543144,860,115.06147003720817,905.0,0.9841742238437348,0.9502762430939227
415,2061.3793670044206,1575.314659050898,1145.57272657703,25561,761.8113201648904,38825.0,0.6650047635484321,0.6583644558918222
416,2119.0862244091823,2366.866645599621,1846.192134348286,44303,953.64183410445,67743.0,0.516545280614084,0.6539863897376851
417,1983.5943005181348,1237.5158031088083,276.86500705120545,3860,253.9766319492443,4595.499999999999,0.9173301987645986,0.8399521270808401
418,1992.4551045510455,1882.239852398524,224.3797256769669,2439,216.30589232391705,2751.0000000000005,0.9640170994563318,0.886586695747001
419,1973.4730848861284,2870.0993788819874,123.25483399593904,966,123.8092123117906,1029.9999999999998,1.004497822096534,0.9378640776699031
420,1970.7458912768648,1281.953223767383,106.91168824543144,791,106.05891815268087,834.5000000000001,0.9920236027814573,0.9478729778310364
421,2032.9749188551195,1423.7477131897315,401.747258045114,6778,348.17751396921335,8233.0,0.866658096593941,0.8232721972549496
422,1989.55625,2251.790625,126.91168824543144,960,125.2178631886203,1030.0,0.986653514107105,0.9320388349514563
423,2056.52,1948.1839790575916,589.286363288515,9550,474.6620503217615,14366.500000000002,0.8054862285848734,0.6647408902655483
424,2147.0755183508104,2786.503545042898,1358.940258945177,33568,874.7445682646472,49628.49999999999,0.6436961172550976,0.676385544596351
425,2013.4873006497342,2868.367395156527,176.49747468305833,1693,172.42732183706406,1901.9999999999998,0.9769393139856354,0.8901156677181915
426,2048.1081376297107,2117.9920808301476,332.492424049175,3662,293.65397912706584,4990.5,0.8831899853562828,0.7337942089970945
427,2019.4427645788337,48.860691144708426,122.08326112068524,926,120.34441156087377,983.5,0.9857568552490376,0.9415353329944077
428,2093.0662917314826,1229.8992461409596,861.9625535217635,16714,611.293665897373,24773.0,0.7091881931526838,0.6746861502442175
429,2081.9960985002026,114.4596676124848,1076.950360212944,19736,715.7647379295884,32246.499999999996,0.6646218473691408,0.6120354146961686
430,2066.3992950654583,1848.7472306143002,441.7888886054567,5958,346.35181890086324,7917.499999999999,0.7839758487230213,0.7525102620776761
431,2031.4532453245324,2548.7205720572056,124.8111831820431,909,122.64434114522246,980.9999999999998,0.9826390393746993,0.9266055045871562
432,2057.0762282441065,2597.860541969597,332.2914139223983,4539,286.6795064145898,5672.499999999999,0.8627352209634268,0.8001762891141473
433,2031.2362110311751,2090.058752997602,120.46803743153548,834,117.22505876120782,912.4999999999999,0.9730801734678319,0.9139726027397261
434,2286.8182849005852,815.0558910395022,2946.9902576697323,75844,1477.9696587777335,131077.99999999997,0.5015183388988892,0.5786173118295977
435,2201.7426856144084,2231.4403576766217,1824.209378290989,39477,1122.08448190135,69590.00000000001,0.615107287164906,0.5672797815778128
436,2041.9369658119658,1245.3461538461538,122.66904755831214,936,121.35254290377642,992.0000000000001,0.9892678334042668,0.9435483870967741
437,2054.923995127893,1297.2562728380024,307.2203461105329,4105,269.28988997491456,5005.000000000002,0.8765366401808181,0.8201798201798198
438,2326.910574962829,637.2919112800625,2886.2501422995547,65239,1577.9777428469329,131537.49999999997,0.5467224478297348,0.4959726313788845
439,2063.286900369004,2874.3948339483395,141.698484809835,1084,140.81849237582543,1131.5,0.9937896835298516,0.9580203269995581
440,2089.355341083571,393.488703663084,291.79393923934,4559,274.62709127250395,5074.000000000001,0.9411679076968245,0.8985021679148599
441,2236.733645034599,2680.619861604638,1321.7098115668775,26735,899.9213699962794,42799.5,0.6808766660583605,0.6246568301031554
442,2372.4128321251374,1852.134225698255,2682.5323215059634,64697,1585.673478406383,113997.99999999996,0.5911106702029193,0.5675275004824648
443,2083.8161201348453,831.6166104811523,244.99494936611666,3263,227.01495920378815,3774.5000000000005,0.9266107721451046,0.8644853622996422
444,2104.194339996042,447.00831189392443,344.63455967290594,5053,303.16615957690084,6194.0,0.8796742841595372,0.8157894736842105
445,2308.5120237351657,1083.4946752029982,2568.8094500784887,64040,1278.3159166995324,109723.5,0.49762971584384125,0.5836488992786413
446,2090.2039381153304,1589.4964838255978,204.7523086789974,2133,192.72129081260834,2501.5,0.941241112522688,0.8526883869678193
447,2280.236513960423,195.0957802475829,2761.176982446636,66402,1251.9361081732693,111076.50000000001,0.45340668712367294,0.597804216013288
448,2179.6706981858165,2043.2852605216542,882.0924958366747,16371,619.2271170329744,24170.99999999999,0.7019979423423509,0.6772992428943778
449,2164.344579397211,824.9483580746738,635.6417023478423,11115,502.76147152649037,16313.999999999996,0.7909510494189762,0.6813166605369623
450,2179.5126355978427,1900.139688503727,1037.5016587651644,16501,637.6753522653333,28373.500000000007,0.6146258628870968,0.5815637831074769
451,2104.0939431396787,1612.3671199011126,113.39696961966999,809,111.89540967251945,857.0000000000002,0.9867583767697962,0.9439906651108516
452,2107.3383783783784,858.4745945945946,121.74011537017762,925,120.46386021825863,977.4999999999999,0.9895165603545039,0.9462915601023019
453,2357.913350566134,1376.223905049696,3235.588237416179,82401,1660.4325131035444,160357.0,0.5131779420824896,0.5138597005431631
454,2150.1825185185185,41.809777777777775,418.63455967290594,6750,347.9017176629931,8499.500000000004,0.8310391715744183,0.7941643626095649
455,2156.7261663286004,2564.4718052738335,515.0437226013958,7395,386.8731688182674,9990.500000000002,0.7511462655330283,0.7402031930333816
456,2144.0268249780124,510.93381706244503,311.66399692442883,4548,280.75705128056956,5375.499999999999,0.9008324800141947,0.8460608315505536
457,2141.280336800396,1612.827142149579,334.8061325481598,4038,280.3255591658868,5511.499999999999,0.8372772536523466,0.7326499138165655
458,2226.9117814097303,1667.8095538587745,901.1513703397204,15847,643.201384681848,26017.0,0.7137550980357171,0.6091017411692355
459,2147.593533487298,463.2009237875289,118.12489168102785,866,117.25872061892035,919.9999999999999,0.9926673282000003,0.9413043478260871
460,2151.838161838162,117.31768231768231,126.36753236814714,1001,125.01534636635377,1072.0,0.9892995773799393,0.933768656716418
461,2151.557894736842,2877.178947368421,97.94112549695429,570,99.49254699766263,590.5,1.015840347891005,0.9652836579170194
462,2213.2779156327542,1598.3542872897713,477.61731573020285,7254,368.8961134455121,9405.500000000004,0.7723675446764888,0.7712508638562541
463,2369.862603931835,1610.0951445955445,1884.3637072235397,41253,1157.3816448315656,81238.99999999997,0.6142028953300505,0.5077979788032844
464,2177.1564129301355,1636.3597497393118,124.91168824543144,959,122.10623582349103,1014.5000000000002,0.9775405131309398,0.945293247905372
465,2205.4796169630645,2574.5868673050613,274.69343417595167,3655,248.42609506285424,4222.5,0.9043758028221666,0.8656009473060983
466,2226.4870149945896,85.47325707219045,659.8132752230962,12938,518.5500878567098,18180.5,0.7859042964562626,0.7116415940155661
467,2323.725890106462,2457.153999142066,1192.5382386916237,25643,769.5675774739424,36792.00000000001,0.6453189948175267,0.6969721678625787
468,2213.872921242548,1911.673988076561,259.3797256769669,3187,243.6098404099837,3636.0000000000005,0.9392015500601495,0.8765126512651265
469,2275.8859872611465,2577.0715112912567,870.9919907732864,17270,605.4194278917665,24893.0,0.6950918427553638,0.693769332744145
470,2292.8335541409506,441.66646201570427,1518.0895372438445,30947,926.7567485175218,55768.999999999985,0.6104756839310597,0.5549140203338774
471,2210.0491942324,2625.374045801527,129.63961030678928,1179,128.09761633554203,1231.4999999999995,0.9881055337361926,0.957369062119367
472,2288.6755199550307,1967.7147273749297,518.9310242291876,7116,460.8536052705593,9508.0,0.8880825846847455,0.7484223811527135
473,2213.0547818013,253.36211699164346,137.29646455628165,1077,134.37505725349487,1151.0,0.9787219043678346,0.9357080799304952
474,2224.477876106195,2.353982300884956,47.72792206135786,113,51.26879181904124,121.5,1.0741886427222063,0.9300411522633745
475,2294.5498199279714,2822.236854741897,503.58787847867995,8330,400.48442721688906,11250.5,0.7952622458402642,0.7404115372650104
476,2235.9495495495494,525.6801801801802,129.49747468305833,1110,127.91246220051983,1153.4999999999998,0.9877602826895445,0.962288686605982
477,2350.198878656712,2013.8618946634517,1536.3494218736669,34423,883.0051050568485,53615.00000000001,0.5747423681651618,0.6420404737480182
478,2329.429587482219,1701.9143928617614,519.3868683519033,7733,432.15797511079876,11517.499999999998,0.832054103489571,0.6714130670718473
479,2379.7067948437843,2241.8850775617216,815.8031739553295,13731,693.6243554265043,20960.499999999996,0.8502349311336275,0.6550893347009853
480,2322.7914327302974,2286.129132875858,538.7005768508881,9618,444.92980716850064,12650.000000000004,0.8259315588066595,0.7603162055335966
481,2273.342723004695,1921.6291079812206,127.36753236814714,1065,125.40550459420062,1127.5000000000002,0.9845955422275482,0.9445676274944566
482,2279.162686567164,1737.455223880597,199.65180361560903,2010,183.62323840164456,2378.4999999999995,0.9197174033808161,0.8450704225352115
483,2321.4147663129374,1757.7843757055768,341.94826817189073,4429,295.297541710721,5626.000000000002,0.8635737308728837,0.7872378243867755
484,2497.626745421103,2192.163959482915,1640.6702730475881,38601,1102.641925208922,58127.0,0.6720679610783316,0.6640803757290071
485,2310.776681381459,36.71254219683199,257.6812408671319,3851,248.44917036017262,4148.999999999999,0.964172516105976,0.9281754639672212
486,2330.0581617086195,485.1596109839817,336.56349186104046,5244,295.3909083359613,6156.0,0.8776677075180858,0.8518518518518519
487,2309.4016348773844,2765.906811989101,280.69343417595167,3670,253.9880478286384,4312.0,0.9048592410944208,0.851113172541744
488,2309.5414235705953,1650.6674445740957,125.22539674441619,857,122.34287578749124,912.5,0.9769813389946119,0.9391780821917808
489,2306.791878172589,1735.041878172589,107.05382386916237,788,107.29038007199397,835.5,1.0022096940985565,0.943147815679234
490,2311.0658105939006,1945.8113964686997,146.5685424949238,1246,141.87260721702847,1349.5000000000002,0.9679608243490723,0.9233049277510187
491,2508.7326182931124,2377.4063811922756,1957.635785162182,36921,1003.9002665653642,68273.99999999999,0.5128125845340508,0.5407768696722033
492,2481.5041277469863,1243.4684702143327,1284.1118318204308,25801,889.7788117981512,42197.0,0.6929138021699789,0.6114415716757116
493,2313.8126491646776,2870.36276849642,113.59797974644667,838,113.91320561450176,885.4999999999999,1.0027749249481257,0.9463579898362509
494,2371.4839959568735,1245.134770889488,419.20310216782974,5936,357.67120645438445,7522.499999999998,0.8532169838552132,0.789099368560984
495,2429.3561001042754,1327.8636600625653,794.4823227814084,15344,587.8299034816421,21466.500000000004,0.7398904753773559,0.7147881582931543
496,2368.5784114052954,1291.0567718940938,317.2914139223983,3928,273.56767155222434,5034.0,0.862196893922671,0.7802940007945968
497,2336.8953722334004,2787.387323943662,120.91168824543144,994,121.05115362618538,1033.5,1.001153448295841,0.9617803580067731
498,2373.172719935432,2630.160882432069,392.26197667087547,7434,351.53102154516415,8574.499999999998,0.896163896711594,0.8669893288238383
499,2438.696181090237,459.5713479108921,1027.3300858899106,19482,705.4803916907184,31725.499999999993,0.6867124806138678,0.6140801563411138
500,2399.812479329732,532.1694410759563,531.9726547895302,9071,423.02823045741025,12455.000000000002,0.7952067209634623,0.7283018867924527
501,2497.2397328969596,319.99836359797297,1638.2438661763952,37888,964.6670137353402,59844.00000000003,0.5888421337336301,0.6331127598422562
502,2399.875692307692,2803.3755604395606,618.842712474619,11375,499.50201133820224,16610.999999999996,0.8071550351474627,0.6847871892119681
503,2531.9893234383535,885.1872609725004,1950.4175310927021,43928,1121.3491315484127,82909.00000000001,0.5749277340222573,0.5298339142915726
504,2558.6959537572257,2567.144020552344,2137.1870837144024,38925,1077.251899343876,74339.00000000001,0.5040512866433886,0.5236147916974938
505,2375.736672051696,480.63651050080773,96.32590180780451,619,96.61364751777892,660.0,1.0029872101332467,0.9378787878787879
506,2447.750683504752,70.9623095951048,738.4701294725885,15362,540.7635623634675,20815.0,0.7322754716560818,0.7380254624069181
507,2564.977910795635,1693.4812215277043,1802.2682527940347,37756,1193.3625272709469,66826.0,0.662144786393974,0.5649896746775207
508,2402.2214121258635,2295.126247122026,234.27922061357856,2606,223.97794761370133,2980.5,0.9560299331161418,0.8743499412850193
509,2439.623779437105,2351.8573616695385,399.9898987322333,5223,326.68741891489117,7170.0,0.8167391725399213,0.7284518828451882
510,2487.024105511741,2727.9868110323932,827.2346314604057,22443,663.8749848419942,28983.0,0.802523201512955,0.7743504813166339
511,2405.245324532453,2331.181518151815,126.39696961966999,909,123.4613916013651,977.5000000000001,0.9767749335515077,0.9299232736572889
512,2441.817391304348,2853.7870531400968,320.06601717798213,5175,303.44698703539314,5748.999999999999,0.9480762428666474,0.9001565489650375
513,2565.0529339265945,588.1534540744918,2068.647978471002,47871,1097.5928119296198,81760.50000000003,0.5305846250075291,0.5855027794595188
514,2421.38443670151,1273.7154471544716,132.4680374315355,861,126.0700843116001,1010.5,0.9517019105590502,0.8520534388916378
515,2427.2453928225023,806.2832201745878,129.39696961967,1031,127.45229760181978,1086.4999999999998,0.984971270783496,0.9489185457892316
516,2555.095886707,2079.1284347855476,1352.7686860699232,29587,844.9166143555233,49484.50000000001,0.6245832144519721,0.5979043943052874
517,2659.8282936812484,1169.2687643898696,2426.73333163274,58635,1395.1491577901918,106911.99999999999,0.5749083097035289,0.548441709069141
518,2497.8990208078335,206.85985312117504,425.6295090390226,6536,358.0713443315479,8845.5,0.8412747159847866,0.7389067887626477
519,2545.93568013907,2600.4399536433434,804.222438151586,13806,556.2034373423147,20664.5,0.6916039779002998,0.6681023010476905
520,2551.387135393992,2853.411079669134,519.9898987322333,9188,454.27917903907905,11091.499999999998,0.8736307765720815,0.8283820943966101
521,2582.161493695441,1840.6364833033117,900.0041840821061,14434,645.619417450838,23313.999999999996,0.7173515733255069,0.6191129793257272
522,2651.4501319866868,55.56907303263323,1325.0996385116111,26139,865.6160672078721,40073.999999999985,0.6532460216955128,0.6522683036382695
523,2563.231999369781,134.23105404127935,737.2935059634515,12694,529.1340244161818,19679.0,0.7176708056376283,0.6450531022917831
524,2738.414711772834,1398.3002903230815,2588.9170978168136,64411,1502.0465036137155,126752.49999999997,0.5801833148231605,0.5081635470700776
525,2524.992141453831,1191.492141453831,139.8111831820431,1018,135.09855856349472,1145.0,0.9662929351480257,0.8890829694323145
526,2551.504444903866,2053.844118255117,298.2081528017131,4837,281.2103582111866,5465.999999999999,0.9430002351349904,0.8849249908525432
527,2531.3454384410984,235.84056687333924,129.53910524340097,1129,128.3049418759024,1177.5000000000002,0.9904726579268892,0.9588110403397025
528,2549.3447185325745,1774.4408602150538,251.2670273047588,3162,229.1214625852572,3627.0000000000005,0.9118644218580996,0.8717948717948717
529,2560.4052439429142,211.0086292731497,236.35028842544403,3013,221.53888678020851,3493.0,0.9373328387119454,0.8625823074720871
530,2562.2428131416837,2691.905544147844,317.84776310850236,3896,279.122762473202,4912.5,0.878164942057242,0.7930788804071247
531,2657.144593174654,266.54730686646263,1032.1879502661798,21889,722.6980136140686,34400.5,0.7001612578675229,0.6362988910044912
532,2636.7205702647657,1640.151934826884,631.8843430349616,9820,485.25826066486707,15034.5,0.7679542403822754,0.6531643885729489
533,2664.2353152076485,2385.4042426053184,903.619407771256,16735,683.9160613778696,25828.5,0.7568629618798509,0.6479276767911416
534,2608.1495005167067,2733.9960385807785,426.7594513539338,5806,338.00503149010433,8063.5,0.79202705509568,0.7200347243752713
535,2823.106272272507,2085.0171655150493,2421.8317446550755,59771,1324.2360448428763,99481.5,0.5467911004822831,0.6008252790719882
536,2577.6575505350775,1585.3638525564804,227.58073580374355,2523,216.0337291930554,2978.4999999999995,0.9492619330458364,0.8470706731576298
537,2705.6133436827436,1009.0730339060791,1344.177848998413,28343,826.6557726592139,43084.0,0.614989878962207,0.657854423916071
538,2574.4565727699533,1801.2723004694835,112.32590180780451,852,111.33057301790993,899.0,0.9911389201076912,0.9477196885428254
539,2587.5920873124146,1955.3233287858118,112.84062043356596,733,112.0721598082262,794.4999999999999,0.9931898582054307,0.9225928256765262
540,2612.997656582872,1499.2980400511292,332.2914139223983,4694,290.7078568051446,5581.000000000003,0.8748581655288725,0.8410679089768854
541,2669.7117008443906,1700.2568264064041,640.9259735953042,9119,503.2579307185458,14891.0,0.7852044564452536,0.6123833187831577
542,2592.9080962800876,5.814004376367615,97.698484809835,457,98.92650722479775,479.49999999999994,1.0125695134100905,0.9530761209593328
543,2810.065856595165,386.15588859668577,2709.9759723198595,63122,1284.292607823478,111418.50000000001,0.47391291322928836,0.5665306928382629
544,2681.07312701637,2822.2190225833433,721.1391770309007,16738,576.0019012191077,22192.500000000004,0.7987388836516174,0.7542187676016671
545,2595.007326007326,2696.954822954823,111.88225099390857,819,111.27202175550822,871.0000000000001,0.9945457904808014,0.9402985074626864
546,2822.568351227518,848.5824215277303,2599.6795077635775,58492,1243.84614892946,102453.99999999999,0.47846134310590527,0.5709098717473209
547,2688.559224291911,604.8374585353406,971.8620484583753,19595,634.4287216524091,27892.5,0.6527970946687106,0.7025185981894775
548,2615.3309160305344,1586.4248091603054,223.48023074035524,2620,216.42180640686186,2903.5000000000005,0.9684158893602807,0.9023592216290682
549,2636.1150509241797,1553.5654470011316,236.2497833620557,2651,219.21458202007796,3059.500000000001,0.927893261532134,0.866481451217519
550,2624.9683143219263,1622.3003802281369,115.49747468305833,789,112.98274212790426,840.9999999999999,0.9782269477141828,0.9381688466111773
551,2631.7383900928794,1965.5727554179566,131.01219330881975,646,125.49345349184206,790.0000000000002,0.9578761359717946,0.8177215189873416
552,2655.9360824742266,2159.9042174320525,360.0904037956217,5335,302.5920928229156,6633.5,0.8403225679811765,0.8042511494686063
553,2832.2059920176453,1895.2996271400064,1644.8347032479055,38084,1048.4175858136794,68472.50000000001,0.637399967147741,0.5561940925188943
554,2688.3005893909626,2348.025343811395,309.07821048680194,5090,290.75652032729295,5725.000000000001,0.9407215082206795,0.8890829694323142
555,2706.665934307371,1573.2081731297374,594.7838379715733,9103,474.20167670731263,12560.999999999996,0.7972672531326856,0.7247034471777727
556,2659.606209150327,1541.4460784313726,98.91168824543144,612,97.34753252688895,654.0,0.9841863409038039,0.9357798165137615
557,2669.1041666666665,2217.671875,125.15432893255071,960,123.19841353537458,1016.0,0.9843719716780214,0.9448818897637795
558,2794.4099137931034,2768.0771551724138,1276.5798692519663,23200,824.1461698716771,40674.00000000001,0.645589194787005,0.5703889462555931
559,2861.4943464900502,1786.0102330021778,1644.989032180456,33519,967.8808300140897,55522.0,0.5883813272184254,0.6037066388098411
560,2670.1853658536584,6.841463414634147,81.698484809835,410,83.59052726880356,428.5,1.023158843929267,0.9568261376896149
561,2769.152054089807,2243.8691114867347,777.6955262170047,13607,552.8234733459711,18930.5,0.7108482107838611,0.7187871424420909
562,2877.5596434863714,2571.3188240577606,1346.8103166302658,28947,954.3323715696057,54401.99999999999,0.7085870666311466,0.5320944082938128
563,2782.358514041948,1613.5354899869653,998.0285706997457,16878,765.7191735209661,27193.5,0.7672317166071699,0.6206630260907937
564,2715.7626290817752,2469.6909014792072,467.5584412271571,7166,366.1327577019826,8550.5,0.7830737837627914,0.838079644465236
565,2744.0694530352566,141.11283909163205,673.9970414071697,11317,516.7095410120013,17603.0,0.7666347317092315,0.6429017781060047
566,2698.5395888014,187.69378827646545,355.63455967290594,4572,320.00492309835414,6057.499999999999,0.8998139083914621,0.7547668179942222
567,2733.4606323620583,2177.095577598677,558.1147904132612,9678,409.60408765943964,12300.499999999998,0.7339065272865185,0.7867972846632252
568,2750.4591759671057,2646.3372493077118,769.8204178980326,11917,552.1729271866182,18534.500000000004,0.7172749830334545,0.6429631228250019
569,2731.044246827893,517.4896432057261,544.3158005400378,9221,458.2949557564189,12095.0,0.8419651887777755,0.7623811492352212
570,2861.8818683339464,2850.4231702831926,1005.494516090228,13595,694.7163980532687,21754.999999999996,0.6909201263022386,0.624913812916571
571,2807.829501098829,626.300259126841,1580.3027406794408,30487,988.8288857568003,55671.5,0.6257211737364069,0.5476231105682441
572,2724.006430868167,163.7095391211147,123.84062043356596,933,121.88625074250294,977.9999999999999,0.9842186700597851,0.9539877300613498
573,2870.3483323226196,2410.006468566808,1064.1168824543142,24735,794.0319768794744,34989.00000000001,0.7461886846941972,0.7069364657463773
574,2845.5112496943016,2533.9761555392515,633.9259735953042,8178,524.7678327890573,13974.500000000002,0.8278061708259755,0.585208773122473
575,2746.961329715061,1232.5115332428766,166.5685424949238,1474,162.64900767763456,1620.5,0.9764689373000386,0.9095958037642703
576,2747.267175572519,2.549618320610687,50.72792206135786,131,54.119694989406526,137.5,1.066862051316554,0.9527272727272728
577,2777.756151142355,2444.5276801405976,231.27922061357856,2276,220.28202245652807,2833.0,0.9524505568296401,0.8033886339569362
578,2794.3103665250906,1150.9237061507001,454.13203435596427,6357,374.89971702703804,8620.5,0.8255302173490338,0.7374282234209153
579,2775.1844041196664,1207.2341834232466,340.5340546095176,4078,292.50421321454604,5712.999999999999,0.8589573032569495,0.7138106073866621
580,2763.8813747228382,584.5543237250554,117.25483399593904,902,116.86055978807025,947.9999999999999,0.9966374588199711,0.9514767932489453
581,2768.4485798237024,96.32713026444662,123.15432893255071,1021,122.93534800695083,1077.5000000000002,0.9982218982678245,0.9475638051044082
582,2797.834568554791,2672.6966649020646,291.2203461105329,3778,261.984436932671,4441.0,0.8996089745502692,0.8507092997072732
583,2761.0642857142857,1214.8428571428572,91.01219330881976,420,90.44552528212085,460.5000000000001,0.9937737131026377,0.9120521172638434
584,2835.711350293542,975.160469667319,770.3645737753169,13286,544.2817580406053,19731.0,0.706524905958811,0.673356646900816
585,2849.726054450557,151.3616518549866,1369.0407640085655,28356,848.9185679368389,43665.500000000015,0.6200827544763508,0.6493913959533267
586,2826.027095148078,2479.9124133585383,311.2203461105329,3174,274.1490506905847,3717.4999999999995,0.8808840878070936,0.8537995965030263
587,2813.3566576086955,2307.9174592391305,246.06601717798213,2944,226.04188248636186,3412.0,0.9186229170477588,0.8628370457209847
588,2864.0479745441194,1570.0024476808223,828.6072144624361,16342,588.1384172026587,23189.5,0.7097915718537607,0.7047154962375213
589,2901.6869336764785,2023.9210230014476,825.5239533417509,18651,616.0332583852723,26680.999999999993,0.7462330510114786,0.6990367677373414
590,2847.050785340314,2663.0615183246073,477.445742854949,7640,403.6083010516831,10683.5,0.8453490414183079,0.7151214489633547
591,2811.1068859198353,1214.7564234326824,125.53910524340095,973,123.04459838724705,1051.5,0.9801296428605458,0.9253447456015217
592,2868.316866619619,1199.0566690190544,838.0336213336291,14170,598.6685021851578,23700.0,0.7143728926202857,0.5978902953586498
593,2870.556432650319,662.7726738327175,634.2985565973347,11908,465.1944129691055,15797.0,0.7333997659786889,0.7538140153193644
594,2839.145032051282,2514.918269230769,172.4386001800126,1248,169.24913282058938,1368.5,0.981503750575024,0.9119473876507125
595,2839.593528183716,430.9329853862213,311.48023074035524,4790,291.0493497111077,5462.499999999999,0.9344071340236088,0.8768878718535471
596,2823.88164893617,2710.9454787234044,112.66904755831214,752,111.33382473455099,829.5000000000001,0.988149160282285,0.906570223025919
597,2822.186234817814,1545.7206477732793,67.18376618407356,247,67.47447941643145,292.0,1.0043271350933405,0.8458904109589042
598,2885.800270057387,2284.4756385731966,541.7005768508881,8887,455.48403559442636,12112.0,0.8408409646567642,0.7337351387054161
599,2833.7909186906018,2281.6557550158395,119.39696961966999,947,116.89698728396868,994.0000000000002,0.9790615930733853,0.9527162977867201
600,2873.2732356344004,1067.238526802931,384.8355697996826,5186,310.53164916874834,6914.0,0.8069203408884177,0.7500723170378941
601,2935.4240273664864,1402.5140916981518,925.3523804664972,19586,644.9913329321525,28446.5,0.6970223955192005,0.6885205561316858
602,2843.163371488033,1038.7304890738815,118.5685424949238,961,116.844556066121,1014.4999999999998,0.9854600015102942,0.9472646623952689
603,2889.90516511431,1630.5097375105843,289.4629867976521,3543,267.665757607551,4097.999999999999,0.9246976982057523,0.8645680819912154
604,2945.22123623011,121.37067778457772,1191.1341263970173,26144,813.9063632592365,39681.0,0.683303706293067,0.6588543635493057
605,2871.524293785311,2508.953672316384,136.61017305526644,885,134.06196822261245,1025.5,0.9813468881880187,0.8629936616284739
606,2902.844252648097,789.1179547534981,478.4579361637688,7647,389.81494137828446,10119.499999999998,0.8147318957728747,0.7556697465289789
607,2953.216018886897,1244.3144755825647,1003.2762620207483,22873,705.3619912587928,31022.000000000004,0.7030585871114785,0.7373154535490941
608,2934.941648515419,1710.3890863235126,587.1269837220809,8723,495.4432409213678,13054.000000000004,0.8438434183019733,0.6682242990654204
609,2945.87852046564,1071.130429340343,947.9087296526011,15978,588.4523632899648,23996.499999999996,0.6207901086696676,0.6658471027024776
610,2954.9192637637093,2329.1193940710173,876.6244584051392,18418,606.3214040505379,24718.999999999993,0.6916546740592099,0.7450948662971806
611,2891.7428940568475,716.2454780361757,112.91168824543144,774,110.21059770889957,841.0000000000001,0.9760778482856388,0.9203329369797858
612,2958.357564201871,2724.9007924685693,776.5239533417509,16783,580.3858340616915,20766.000000000004,0.7474152362770214,0.808196089762111
613,2915.880166856276,732.5684489950702,225.3797256769669,2637,210.0247460463667,3052.4999999999995,0.9318706259647851,0.863882063882064
614,2927.0910780669146,583.835501858736,130.5685424949238,1076,128.2965004775327,1147.4999999999998,0.9825988559420472,0.937690631808279
615,2965.4176994577847,526.2026529821843,574.6000717874997,10328,487.8411731097581,14198.000000000002,0.849009941109393,0.7274263980842371
616,2967.7424435097328,669.4904626821872,618.9015869776647,10223,474.67121682509884,13928.0,0.7669575047352869,0.7339890867317633
617,2935.7443609022557,2761.028195488722,107.29646455628166,532,106.26039133779872,619.5,0.9903438270518273,0.8587570621468926
618,2930.9294436906375,1673.7164179104477,106.8111831820431,737,104.90036426977447,789.5,0.9821103104062434,0.9335022165927802
619,2981.901205809811,1651.2685667306112,494.2914139223983,7298,417.8889934705173,9320.5,0.8454304114943095,0.7830052035834988
620,2970.5843742346315,298.0504530982121,323.35028842544403,4083,286.83559370516105,5428.0,0.8870738761419033,0.752210759027266
621,2984.2713542956176,370.49641000247584,300.61017305526644,4039,269.7491040312757,4701.0,0.897338574039818,0.8591788981067858
622,2980.210399032648,7.30229746070133,139.1126983722081,827,138.59528318446198,873.0,0.9962806041878239,0.9473081328751431
623,2987.231559290383,2155.018207282913,183.88225099390857,2142,179.44420690365104,2223.4999999999995,0.9758647500437411,0.9633460760062966
624,2984.3109452736317,2874.4614427860697,113.87005768508881,804,114.55630030126302,839.0000000000001,1.006026541393981,0.9582836710369487
625,2989.5313984168865,945.1630606860158,177.49747468305833,1895,171.99916089897616,2076.0000000000005,0.9690231436030285,0.9128131021194603
626,2993.6166239472723,1004.1790552911021,222.50966799187808,2731,213.91026677379065,2897.5,0.9613526850509646,0.9425366695427092
627,2995.190724088973,176.13014671083766,190.36753236814712,2113,188.40446892282583,2168.0000000000005,0.9896880343990331,0.9746309963099629
628,2997.173365326935,277.05098980203957,162.76955262170048,1667,162.01138049559316,1708.0,0.995342051913914,0.9759953161592506
629,3002.521868787276,688.8290258449305,142.5269119345812,1006,141.97939136262602,1037.5000000000002,0.9961584758659019,0.9696385542168673
630,3003.2289348171703,2551.87440381558,101.94112549695429,629,103.05385842624435,652.0,1.0109154467724932,0.9647239263803681
631,3004.517199017199,2735.9656019656018,156.74011537017762,814,163.99253208719733,1000.0,1.0462703290723723,0.814
632,3004.3388429752067,2402.406336088154,119.35533905932738,726,120.21563815348469,771.5000000000001,1.007207881113133,0.9410239792611794
633,3004.8066985645933,2818.0650717703347,177.22539674441617,1045,173.3815375294677,1200.0,0.9783109007763043,0.8708333333333333
634,3004.377532228361,794.0957642725599,96.76955262170048,543,98.37942471787557,566.5,1.0166361428007065,0.9585172109443955
635,3006.566727605119,450.0,112.87005768508881,547,114.02994751884455,569.9999999999999,1.0102763288824737,0.9596491228070178
636,3007.6041666666665,2874.3541666666665,72.38477631085024,240,73.77353524481326,275.0,1.0191857874644679,0.8727272727272727
637,3008.030150753769,2084.4422110552764,60.97056274847714,199,63.389210350487645,210.99999999999997,1.0396691041214132,0.9431279620853081
638,3009.0883977900553,77.22651933701657,63.14213562373095,181,66.2355397746595,190.50000000000003,1.0489911232867128,0.9501312335958004
