label,neighbor
1,1544
11,58
11,97
11,200
11,245
11,299
11,490
11,583
11,608
11,624
11,709
11,916
11,929
11,934
11,1123
11,1134
11,1161
11,1378
11,1510
45,74
45,94
45,111
45,117
55,64
55,100
58,11
58,97
60,89
60,93
60,1054
60,1298
60,1393
64,55
64,81
64,100
64,391
64,521
64,572
64,843
65,80
65,100
65,1077
67,81
67,200
67,234
67,617
67,843
67,916
68,76
68,98
68,107
72,89
72,101
72,922
74,45
74,111
76,68
76,84
76,107
76,120
79,83
79,102
79,247
80,65
80,95
80,109
80,1077
80,1359
81,64
81,67
81,843
82,86
82,96
82,1075
83,79
83,86
83,247
84,76
84,97
84,99
84,120
84,379
84,1424
86,82
86,83
86,247
86,390
86,685
86,1075
86,1242
89,60
89,72
89,922
89,1393
92,93
92,102
92,247
92,718
92,783
92,917
92,1298
93,60
93,92
93,1298
94,45
94,101
94,117
94,121
94,185
95,80
95,96
95,106
95,109
95,814
95,1359
96,82
96,95
96,106
96,1075
96,1242
97,11
97,58
97,84
97,99
97,299
97,379
97,1424
98,68
98,107
99,84
99,97
100,55
100,64
100,65
100,521
100,1077
101,72
101,94
101,185
101,354
101,922
101,1439
102,79
102,92
102,247
103,353
103,427
103,648
103,1045
103,1103
103,1373
104,185
104,220
104,233
104,258
104,354
104,564
104,1191
104,1469
105,106
105,310
105,312
105,433
105,463
105,500
105,814
105,989
105,1087
105,1131
105,1261
105,1438
105,1490
106,95
106,96
106,105
106,312
106,802
106,814
106,995
106,1242
106,1381
107,68
107,76
107,98
108,167
108,362
108,399
108,794
108,875
108,1011
108,1303
108,1478
108,1481
109,80
109,95
109,814
109,1077
109,1261
109,1359
110,656
110,1224
110,1404
111,45
111,74
111,117
112,268
112,340
112,414
112,614
112,827
112,938
112,1057
112,1270
112,1308
113,440
113,510
113,651
113,886
113,925
113,1284
113,1394
113,1457
114,147
114,213
114,238
114,378
114,388
114,395
114,445
114,489
114,539
114,790
114,1349
114,1489
115,127
115,129
115,180
115,523
115,1331
115,1530
116,566
116,684
116,1017
117,45
117,94
117,111
117,121
118,619
118,730
118,744
118,819
118,829
118,905
118,987
118,1065
118,1157
118,1232
118,1266
118,1285
120,76
120,84
120,193
120,299
120,1424
121,94
121,117
123,160
123,548
123,656
123,952
123,1052
123,1278
123,1459
124,241
124,273
124,367
124,640
124,848
124,891
124,1063
124,1512
125,326
125,434
125,506
125,1010
125,1370
125,1401
126,672
126,678
126,733
126,780
126,1028
127,115
127,129
127,143
127,362
127,620
127,1130
127,1303
127,1331
127,1471
127,1530
129,115
129,127
129,180
129,296
129,360
129,374
129,384
129,422
129,425
129,466
129,483
129,499
129,514
129,523
129,629
129,656
129,749
129,761
129,858
129,885
129,1030
129,1093
129,1124
129,1130
129,1361
129,1456
129,1498
130,188
130,477
130,555
130,720
130,805
130,993
130,1100
130,1454
131,215
131,1010
131,1079
131,1174
131,1234
132,656
132,1140
132,1325
134,211
134,494
134,958
134,1009
134,1370
135,402
135,892
135,943
137,245
137,457
137,583
137,751
137,899
137,916
137,1032
137,1048
137,1080
137,1092
137,1132
137,1164
137,1175
137,1177
137,1263
138,191
138,246
138,293
138,438
138,694
138,697
138,806
138,869
138,1061
138,1214
139,395
139,438
139,714
139,1108
139,1322
140,273
140,1016
140,1128
141,518
141,540
141,637
141,958
141,1154
141,1168
141,1174
141,1194
142,201
142,272
142,497
143,127
143,384
143,620
143,771
143,1085
143,1115
143,1130
143,1303
143,1478
146,396
146,579
146,644
146,663
146,695
146,1111
146,1425
146,1477
147,114
147,378
147,475
147,616
147,790
147,989
148,302
148,557
148,904
148,1129
149,236
149,314
149,885
149,1405
150,475
150,489
150,495
150,1438
151,663
151,940
151,1410
151,1473
152,221
152,353
152,377
152,469
152,842
152,1175
153,253
153,739
153,961
153,1443
154,184
154,302
154,389
154,840
154,879
154,935
154,960
154,1013
154,1033
154,1170
155,731
155,1042
155,1170
155,1232
155,1497
156,213
156,445
156,539
156,1193
157,745
157,1054
157,1137
157,1280
158,162
158,462
159,386
159,603
159,607
159,911
159,1262
159,1379
160,123
160,514
160,573
160,609
160,952
160,1052
160,1361
160,1456
161,411
161,656
161,933
161,1306
161,1404
162,158
162,429
162,459
162,462
162,494
162,681
162,1009
162,1153
162,1260
163,555
163,656
163,805
164,547
164,708
164,715
164,760
164,1058
164,1070
164,1339
164,1385
164,1386
165,312
165,616
165,989
165,1000
165,1381
166,462
166,807
166,1009
166,1338
166,1370
167,108
167,361
167,369
167,437
167,794
167,940
167,1040
167,1223
167,1481
168,224
168,266
168,854
168,943
168,1251
169,317
169,801
169,1291
170,476
170,695
170,969
171,307
171,615
171,715
171,740
171,1220
172,365
172,471
172,749
172,885
172,1019
172,1022
173,604
173,730
173,1403
175,241
175,1232
175,1497
176,644
176,695
176,825
176,1139
176,1364
177,259
177,324
177,748
177,1060
177,1090
177,1312
177,1402
177,1466
178,385
178,595
178,606
178,701
178,1058
178,1339
179,257
179,292
179,1400
180,115
180,129
180,523
182,251
182,354
182,541
182,745
182,834
182,854
182,888
182,950
182,1165
182,1469
184,154
184,241
184,451
184,492
184,607
184,896
184,911
184,913
184,935
184,1170
184,1442
185,94
185,101
185,104
185,199
185,220
185,354
186,243
186,542
186,662
186,816
186,895
186,916
186,1094
186,1132
186,1175
186,1318
187,261
187,364
187,368
187,373
187,716
187,721
187,804
187,813
187,1162
187,1423
188,130
188,219
188,477
188,1140
188,1325
188,1454
190,228
190,347
190,395
190,446
190,460
190,539
190,581
190,916
190,1193
191,138
191,202
191,293
191,595
191,675
191,760
191,806
191,1061
191,1070
191,1160
191,1168
191,1509
192,588
192,695
192,936
192,1001
193,120
193,195
193,299
193,490
194,352
194,504
194,836
195,193
195,254
195,490
196,695
196,847
196,940
196,1384
196,1398
196,1437
196,1445
197,402
197,472
197,522
197,974
197,1178
197,1212
197,1260
197,1343
197,1421
198,252
198,280
198,394
198,440
198,628
198,695
198,752
199,185
200,11
200,67
200,916
201,142
201,272
201,301
201,473
201,497
201,754
201,885
201,1238
202,191
202,372
202,760
202,869
202,1008
202,1141
202,1160
202,1277
203,219
203,316
203,643
203,673
203,930
203,1176
203,1288
204,219
204,593
204,927
204,959
204,1498
206,325
206,762
206,1178
206,1292
210,217
210,349
210,373
210,721
210,804
210,999
210,1321
210,1423
211,134
211,459
211,494
211,1009
212,290
212,443
212,674
212,833
212,1079
212,1448
213,114
213,156
213,395
213,445
213,1193
215,131
215,1079
215,1234
215,1448
217,210
217,349
217,470
217,716
217,1081
217,1423
217,1435
218,501
218,725
218,942
218,1144
219,188
219,203
219,204
219,316
219,435
219,477
219,530
219,586
219,593
219,600
219,643
219,693
219,703
219,808
219,901
219,927
219,930
219,993
219,1018
219,1043
219,1074
219,1140
219,1148
219,1243
219,1286
219,1288
219,1340
219,1355
219,1372
219,1430
219,1436
219,1461
219,1508
219,1533
219,1539
220,104
220,185
220,233
221,152
221,353
221,469
221,1468
222,1066
222,1122
222,1232
222,1272
222,1285
224,168
224,356
224,426
224,745
224,783
224,854
224,917
224,943
224,1137
224,1251
224,1319
225,344
225,353
225,406
225,457
225,627
225,751
226,324
226,327
226,479
226,485
226,575
226,948
227,282
227,386
227,529
227,857
228,190
228,283
228,347
228,446
228,489
228,539
228,581
228,711
230,353
230,419
230,594
230,656
230,759
230,796
230,961
230,1146
230,1163
230,1265
231,298
231,423
231,651
231,695
231,1406
231,1457
233,104
233,220
233,250
233,258
234,67
234,237
234,617
234,863
234,916
236,149
236,296
236,314
236,885
236,1027
237,234
237,391
237,617
237,711
237,863
237,1188
237,1362
238,114
238,395
238,971
238,1323
238,1349
239,407
239,417
239,462
239,614
239,1099
239,1270
239,1472
240,378
240,475
240,489
241,124
241,175
241,184
241,260
241,263
241,273
241,370
241,492
241,891
241,911
241,913
241,1012
241,1021
241,1106
241,1232
241,1284
241,1458
241,1497
242,631
242,671
242,1232
242,1333
243,186
243,816
243,895
243,916
243,1335
244,812
244,940
245,11
245,137
245,509
245,583
245,608
245,929
245,1263
245,1378
246,138
246,1061
246,1214
247,79
247,83
247,86
247,92
247,102
247,390
247,718
248,360
248,885
248,1019
248,1350
250,233
250,258
251,182
251,745
251,854
252,198
252,394
252,628
253,153
253,469
253,560
253,890
253,961
253,1146
253,1443
254,195
254,305
254,452
254,490
254,638
254,820
254,1144
255,261
255,380
255,813
255,940
255,990
257,179
257,292
257,464
257,758
257,844
257,870
257,878
257,909
257,1400
258,104
258,233
258,250
258,308
258,320
258,564
259,177
259,324
259,1197
259,1402
260,241
260,273
260,603
260,911
260,988
260,1016
260,1128
260,1210
261,187
261,255
261,368
261,380
261,813
263,241
263,891
263,1012
263,1021
263,1106
264,302
264,389
264,613
264,879
264,962
264,1129
265,355
265,364
265,373
265,815
265,990
266,168
266,854
266,892
266,943
267,514
267,646
267,656
267,898
267,1124
267,1388
267,1432
268,112
268,614
268,938
269,396
269,940
269,1473
271,656
271,717
271,1104
271,1116
271,1186
271,1306
271,1414
272,142
272,201
272,314
272,497
272,885
272,1405
273,124
273,140
273,241
273,260
273,278
273,291
273,367
273,410
273,687
273,770
273,809
273,848
273,1005
273,1016
273,1114
273,1128
273,1143
273,1407
273,1494
275,305
275,638
275,648
275,1045
275,1144
275,1290
276,277
276,776
276,1102
276,1180
276,1210
276,1377
277,276
277,507
277,728
277,776
277,844
277,1180
277,1230
277,1276
277,1377
277,1524
278,273
278,367
278,410
279,540
279,675
279,1061
279,1178
279,1206
279,1324
279,1334
280,198
280,628
280,695
280,915
280,1025
280,1258
280,1417
281,656
281,1291
282,227
282,529
282,607
282,857
283,228
283,446
283,711
283,863
283,877
283,916
284,551
284,656
284,1215
286,335
286,418
286,437
286,530
286,622
286,702
286,1014
286,1328
287,753
287,878
287,909
287,1467
287,1520
289,381
289,663
289,695
289,1477
290,212
290,443
290,833
290,1037
291,273
291,1128
292,179
292,257
292,753
292,909
292,1400
293,138
293,191
293,697
293,1160
294,326
294,382
294,448
294,462
294,906
294,915
294,1047
294,1247
294,1320
295,353
295,647
295,704
295,1028
296,129
296,236
296,314
296,360
296,558
296,759
296,858
296,1027
298,231
298,412
298,553
298,695
298,848
298,1003
298,1406
299,11
299,97
299,120
299,193
299,490
299,1123
299,1424
300,334
301,201
301,473
301,542
301,585
301,754
301,1352
301,1353
302,148
302,154
302,264
302,389
302,557
302,613
302,731
302,785
302,987
302,1129
302,1170
305,254
305,275
305,359
305,638
305,1045
305,1290
306,509
306,899
306,934
306,1134
306,1429
306,1465
307,171
307,355
307,385
307,615
307,715
307,1058
307,1121
307,1329
308,258
308,320
308,334
308,504
308,564
308,1257
310,105
310,500
310,1438
311,503
311,600
311,656
311,705
311,720
311,1100
311,1215
312,105
312,106
312,165
312,463
312,989
312,1131
312,1381
313,444
313,878
313,1433
313,1455
313,1467
314,149
314,236
314,272
314,296
314,497
314,558
314,1405
316,203
316,219
316,930
316,1288
317,169
317,801
317,1053
317,1248
317,1291
318,451
318,857
318,1097
318,1151
318,1185
319,885
319,940
319,990
320,258
320,308
323,567
323,793
323,940
323,1369
323,1437
323,1445
323,1491
324,177
324,226
324,259
324,327
324,479
324,485
324,652
324,664
324,1090
324,1197
324,1255
324,1316
324,1486
325,206
325,616
325,742
325,1178
325,1292
325,1319
326,125
326,294
326,382
326,434
326,462
326,1010
327,226
327,324
327,485
329,455
329,642
329,1073
329,1484
329,1521
330,441
330,586
330,656
330,937
330,1074
330,1215
331,462
331,795
331,836
333,470
333,644
333,658
333,791
333,846
334,300
334,308
334,428
334,504
334,964
334,1017
335,286
335,361
335,437
335,575
335,622
336,545
336,636
336,821
336,1220
337,561
337,619
337,894
337,1065
337,1181
337,1302
339,565
339,1186
340,112
340,561
340,700
340,767
340,786
340,1049
340,1057
340,1065
340,1192
340,1270
340,1451
341,418
341,530
341,702
341,1043
343,462
343,566
343,614
343,1099
344,225
344,406
344,457
344,725
344,942
345,394
345,440
345,679
345,734
345,976
345,1375
345,1483
347,190
347,228
347,581
348,589
348,1407
348,1515
349,210
349,217
349,559
349,1081
349,1321
350,352
350,472
350,488
350,504
350,834
350,1165
350,1246
350,1421
352,194
352,350
352,472
352,504
352,836
353,103
353,152
353,221
353,225
353,230
353,295
353,377
353,406
353,508
353,554
353,562
353,590
353,625
353,627
353,647
353,648
353,656
353,678
353,747
353,751
353,779
353,801
353,852
353,1028
353,1050
353,1103
353,1163
353,1265
353,1413
353,1415
353,1468
354,101
354,104
354,182
354,185
354,888
354,1191
354,1439
354,1469
355,265
355,307
355,373
355,385
355,815
355,1329
356,224
356,402
356,943
356,1178
356,1319
356,1347
357,656
357,801
357,986
357,1291
358,630
358,694
358,971
358,1061
358,1126
358,1214
358,1324
358,1334
358,1360
359,305
359,416
359,427
359,1045
359,1055
360,129
360,248
360,296
360,749
360,1019
360,1027
360,1350
361,167
361,335
361,437
361,575
361,1040
361,1452
362,108
362,127
362,875
362,919
362,1303
362,1471
362,1480
363,681
363,1153
363,1178
364,187
364,265
364,373
364,813
364,990
365,172
365,749
365,1019
366,401
366,571
366,885
366,1220
366,1315
367,124
367,273
367,278
367,410
367,1063
368,187
368,261
368,380
368,1162
369,167
369,399
369,940
369,1223
370,241
370,891
370,1106
372,202
372,456
372,708
372,760
372,1008
372,1141
373,187
373,210
373,265
373,355
373,364
373,385
373,721
373,999
373,1321
374,129
374,656
374,1124
375,663
375,946
375,1184
375,1259
375,1482
377,152
377,353
377,751
377,1175
378,114
378,147
378,240
378,475
378,489
378,1489
379,84
379,97
379,1424
380,255
380,261
380,368
380,940
380,1162
381,289
381,663
381,695
381,946
382,294
382,326
382,695
382,1010
382,1047
382,1234
382,1453
384,129
384,143
384,703
384,1030
384,1043
384,1115
384,1130
384,1412
385,178
385,307
385,355
385,373
385,443
385,606
385,1037
385,1058
385,1321
386,159
386,227
386,529
386,607
386,857
386,1379
387,408
387,585
387,636
387,698
387,723
387,885
387,985
387,1238
388,114
388,790
388,971
388,1292
388,1349
389,154
389,264
389,302
389,613
389,879
390,86
390,247
390,685
390,718
390,1269
391,64
391,237
391,521
391,572
391,617
391,1362
393,467
393,885
393,902
393,1331
393,1365
394,198
394,252
394,345
394,440
394,628
394,670
394,679
394,734
394,1025
394,1142
394,1375
394,1417
395,114
395,139
395,190
395,213
395,238
395,420
395,460
395,714
395,884
395,1108
395,1193
395,1323
395,1380
395,1387
396,146
396,269
396,663
396,940
396,1089
396,1111
396,1425
396,1473
399,108
399,369
399,875
399,940
399,1011
399,1223
399,1481
401,366
401,571
401,649
401,696
401,774
401,885
401,990
402,135
402,197
402,356
402,488
402,522
402,892
402,943
402,1178
402,1517
403,519
403,658
403,1476
406,225
406,344
406,353
406,725
406,1144
406,1413
407,239
407,462
407,1472
408,387
408,585
408,723
408,816
408,1008
408,1535
410,273
410,278
410,367
410,550
410,640
410,770
410,848
410,1063
410,1068
411,161
411,656
411,1306
411,1414
412,298
412,423
412,837
412,848
412,1003
412,1284
412,1406
414,112
414,480
414,534
414,827
414,1308
414,1382
416,359
416,421
416,427
416,439
416,1055
417,239
417,462
417,1270
418,286
418,341
418,530
418,702
419,230
419,656
419,1163
420,395
420,438
420,884
420,1323
421,416
421,439
422,129
422,952
422,1336
422,1361
422,1498
423,231
423,412
423,651
423,1284
423,1406
425,129
425,466
425,749
425,885
425,1492
426,224
426,582
426,718
426,783
426,802
426,1319
427,103
427,359
427,416
427,439
427,769
427,1045
427,1055
427,1103
427,1373
428,334
428,480
428,1017
428,1308
429,162
429,494
429,681
429,1135
429,1178
431,713
431,846
431,940
431,1476
433,105
433,979
433,1188
433,1354
433,1362
433,1438
433,1490
434,125
434,326
434,462
434,1338
434,1401
435,219
435,664
435,1243
435,1288
436,927
436,1140
436,1256
437,167
437,286
437,335
437,361
437,702
437,771
437,794
438,138
438,139
438,420
438,694
438,714
438,869
438,884
438,971
438,1322
438,1323
438,1360
439,416
439,421
439,427
439,508
439,747
439,769
440,113
440,198
440,345
440,394
440,510
440,734
440,752
440,967
440,1394
440,1483
441,330
441,656
441,1215
443,212
443,290
443,385
443,606
443,674
443,1037
444,313
444,728
444,764
444,765
444,844
444,878
444,1351
444,1420
444,1433
444,1460
445,114
445,156
445,213
445,539
446,190
446,228
446,283
446,916
448,294
448,462
448,915
448,1025
448,1302
449,644
449,695
449,741
449,791
449,825
449,1213
451,184
451,318
451,607
451,840
451,857
451,896
451,1071
452,254
452,490
452,820
452,934
452,1082
454,695
454,839
455,329
455,1484
455,1514
455,1521
455,1522
456,372
456,545
456,577
456,708
456,715
456,1008
457,137
457,225
457,344
457,751
457,942
457,1092
457,1516
459,162
459,211
459,494
459,1009
460,190
460,395
460,816
460,916
460,1008
460,1277
460,1380
460,1536
461,695
461,1247
461,1258
462,158
462,162
462,166
462,239
462,294
462,326
462,331
462,343
462,407
462,417
462,434
462,448
462,472
462,566
462,795
462,807
462,836
462,1009
462,1049
462,1099
462,1260
462,1270
462,1302
462,1330
462,1338
462,1390
462,1472
462,1495
463,105
463,312
463,1131
464,257
464,758
464,776
464,797
464,844
464,870
464,1210
466,129
466,425
466,885
467,393
467,885
467,1331
469,152
469,221
469,253
469,537
469,560
469,605
469,842
469,890
469,981
469,1265
469,1468
469,1470
470,217
470,333
470,791
470,846
470,1081
470,1213
470,1435
471,172
471,885
471,1019
472,197
472,350
472,352
472,462
472,836
472,1260
472,1421
473,201
473,301
473,585
473,1238
475,147
475,150
475,240
475,378
475,489
475,500
475,989
475,1087
475,1438
476,170
476,695
476,940
476,969
476,1259
476,1398
476,1482
477,130
477,188
477,219
477,993
477,1148
478,976
478,1122
479,226
479,324
479,575
479,940
479,1040
479,1345
479,1452
479,1486
479,1519
480,414
480,428
480,534
480,535
480,1308
483,129
483,499
483,1498
485,226
485,324
485,327
485,948
485,1255
485,1288
485,1511
488,350
488,402
488,502
488,834
488,892
488,1212
488,1246
488,1517
489,114
489,150
489,228
489,240
489,378
489,475
489,495
489,539
489,711
490,11
490,193
490,195
490,254
490,299
490,452
490,934
492,184
492,241
492,913
492,1458
494,134
494,162
494,211
494,429
494,459
494,958
494,1135
495,150
495,489
495,711
495,979
495,1188
495,1354
495,1438
497,142
497,201
497,272
497,314
497,537
497,558
497,605
497,680
497,754
497,978
497,981
497,1318
498,848
498,1001
499,129
499,483
499,593
499,959
499,1030
499,1498
500,105
500,310
500,475
500,1087
500,1438
501,218
501,820
501,942
501,1144
502,488
502,1212
502,1246
502,1421
503,311
503,600
503,686
503,1215
503,1227
503,1461
504,194
504,308
504,334
504,350
504,352
504,564
504,795
504,836
504,964
504,1165
504,1257
506,125
506,1010
506,1174
506,1370
507,277
507,776
507,844
508,353
508,439
508,590
508,747
508,852
509,245
509,306
509,899
509,929
509,1134
509,1263
509,1475
510,113
510,440
510,886
510,925
510,967
510,1232
510,1483
514,129
514,160
514,267
514,573
514,646
514,1093
514,1124
514,1432
514,1456
518,141
518,637
518,1154
518,1174
518,1370
519,403
519,598
519,641
519,658
519,940
519,1476
521,64
521,100
521,391
521,1077
521,1362
522,197
522,402
522,659
522,1212
522,1517
523,115
523,129
523,180
523,885
523,1331
524,695
524,839
524,848
525,942
525,1082
525,1092
525,1254
525,1429
525,1516
526,634
526,671
526,731
526,1042
526,1333
526,1463
527,534
527,535
529,227
529,282
529,386
529,607
530,219
530,286
530,341
530,418
530,808
530,1014
530,1043
530,1328
532,695
532,1110
532,1437
534,414
534,480
534,527
534,535
534,570
534,604
534,730
534,828
534,1096
534,1382
535,480
535,527
535,534
537,469
537,497
537,605
537,680
537,1318
537,1470
539,114
539,156
539,190
539,228
539,445
539,489
539,581
539,1193
540,141
540,279
540,675
540,958
540,1168
540,1178
541,182
541,834
541,854
541,892
542,186
542,301
542,585
542,816
542,1094
542,1318
542,1352
542,1353
545,336
545,456
545,577
545,636
545,715
545,821
545,985
545,1220
545,1500
546,567
546,639
546,862
546,1110
546,1282
547,164
547,595
547,1070
547,1339
547,1342
548,123
548,656
549,707
549,812
549,919
549,940
549,1471
549,1480
550,410
550,848
551,284
551,656
551,1215
553,298
553,695
553,848
553,1449
553,1485
554,353
554,562
554,1415
555,130
555,163
555,656
555,805
555,1325
555,1454
556,566
556,684
556,938
557,148
557,302
557,829
557,851
557,904
557,987
558,296
558,314
558,497
558,739
558,759
558,978
559,349
559,574
559,1081
559,1321
560,253
560,469
560,739
560,978
560,981
560,1443
561,337
561,340
561,1049
561,1065
561,1181
561,1302
562,353
562,554
562,747
562,852
562,1415
564,104
564,258
564,308
564,504
564,1165
564,1257
564,1469
565,339
565,653
565,656
565,861
565,1186
565,1450
566,116
566,343
566,462
566,556
566,614
566,684
566,795
566,938
566,964
566,1017
566,1390
566,1495
567,323
567,546
567,793
567,862
567,883
567,992
567,1060
567,1110
567,1312
567,1369
567,1437
570,534
571,366
571,401
571,696
571,740
571,815
571,1220
572,64
572,391
572,617
572,843
573,160
573,514
573,1052
573,1432
574,559
574,741
574,1037
574,1081
574,1118
574,1213
574,1321
574,1444
575,226
575,335
575,361
575,479
575,622
575,948
575,1176
575,1196
575,1452
577,456
577,545
577,645
577,723
577,1008
577,1500
577,1504
579,146
579,644
579,690
579,695
581,190
581,228
581,347
581,539
582,426
582,802
582,1000
582,1189
582,1319
583,11
583,137
583,245
583,709
583,916
583,1161
585,301
585,387
585,408
585,473
585,542
585,816
585,1238
585,1353
586,219
586,330
586,656
586,923
586,1074
586,1179
586,1264
586,1430
586,1436
588,192
588,618
588,695
588,848
588,936
588,1449
589,348
589,1128
589,1143
589,1268
589,1400
589,1407
589,1502
589,1515
589,1538
590,353
590,508
590,625
592,612
592,664
592,693
592,748
592,901
592,1109
592,1199
592,1537
593,204
593,219
593,499
593,959
593,1030
593,1372
594,230
594,656
594,759
594,858
595,178
595,191
595,547
595,606
595,1070
595,1079
595,1168
595,1339
595,1342
598,519
598,641
598,940
598,1374
598,1425
598,1526
600,219
600,311
600,503
600,705
600,993
600,1461
603,159
603,260
603,911
603,988
603,1262
603,1379
604,173
604,534
604,706
604,729
604,730
604,1403
605,469
605,497
605,537
605,680
605,981
606,178
606,385
606,443
606,595
606,674
606,1079
607,159
607,184
607,282
607,386
607,451
607,529
607,857
607,911
608,11
608,245
608,624
608,929
608,1378
609,160
609,952
609,1336
609,1361
610,695
610,839
610,848
610,1001
612,592
612,748
612,1109
613,264
613,302
613,389
614,112
614,239
614,268
614,343
614,566
614,938
614,1099
614,1270
615,171
615,307
615,740
615,815
615,1329
615,1416
616,147
616,165
616,325
616,790
616,989
616,1000
616,1292
616,1319
617,67
617,234
617,237
617,391
617,572
617,843
618,588
618,848
618,936
619,118
619,337
619,894
619,1065
619,1266
619,1285
620,127
620,143
620,1303
622,286
622,335
622,575
622,643
622,808
622,1014
622,1196
623,644
623,1374
624,11
624,608
624,929
625,353
625,590
627,225
627,353
627,751
628,198
628,252
628,280
628,394
628,1142
628,1417
629,129
629,749
630,358
630,694
630,1214
631,242
631,671
631,1232
634,526
634,731
634,1042
636,336
636,387
636,545
636,698
636,821
636,885
636,985
636,1220
636,1315
637,141
637,518
637,1174
637,1194
638,254
638,275
638,305
638,1144
638,1290
639,546
639,695
639,803
639,862
639,1133
639,1282
639,1501
639,1505
639,1513
640,124
640,410
640,848
640,1063
641,519
641,598
641,658
641,1374
641,1526
642,329
642,656
642,850
642,1073
642,1179
642,1224
642,1499
642,1521
642,1532
643,203
643,219
643,622
643,808
643,1176
643,1196
644,146
644,176
644,333
644,449
644,579
644,623
644,658
644,690
644,791
644,825
644,1139
644,1364
644,1374
644,1425
645,577
645,723
645,1500
646,267
646,514
646,1432
647,295
647,353
647,704
648,103
648,275
648,353
648,1045
648,1144
648,1413
649,401
649,774
649,990
651,113
651,231
651,423
651,914
651,1284
651,1457
652,324
652,664
652,1255
652,1288
652,1316
653,565
653,1098
653,1136
653,1166
653,1186
653,1450
656,110
656,123
656,129
656,132
656,161
656,163
656,230
656,267
656,271
656,281
656,284
656,311
656,330
656,353
656,357
656,374
656,411
656,419
656,441
656,548
656,551
656,555
656,565
656,586
656,594
656,642
656,717
656,720
656,805
656,858
656,861
656,898
656,923
656,986
656,1050
656,1052
656,1062
656,1104
656,1124
656,1140
656,1163
656,1179
656,1186
656,1215
656,1224
656,1256
656,1278
656,1291
656,1296
656,1325
656,1327
656,1357
656,1388
656,1404
656,1414
656,1432
656,1450
658,333
658,403
658,519
658,641
658,644
658,846
658,1374
658,1476
659,522
659,1212
662,186
662,842
662,1175
662,1318
663,146
663,151
663,289
663,375
663,381
663,396
663,940
663,946
663,1184
663,1259
663,1473
663,1477
664,324
664,435
664,592
664,652
664,693
664,1090
664,1199
664,1243
664,1288
670,394
670,679
671,242
671,526
671,631
671,731
671,785
671,987
671,1232
671,1314
671,1333
672,126
672,733
672,780
673,203
673,1176
673,1288
674,212
674,443
674,606
674,1079
675,191
675,279
675,540
675,1061
675,1168
678,126
678,353
678,779
678,780
678,1028
679,345
679,394
679,670
679,894
679,976
679,1025
680,497
680,537
680,605
681,162
681,363
681,429
681,1153
681,1178
683,1126
683,1324
683,1334
684,116
684,556
684,566
684,938
684,1017
684,1308
685,86
685,390
685,718
685,802
685,1242
685,1269
685,1411
686,503
686,937
686,1074
686,1227
686,1461
687,273
687,1407
690,579
690,644
690,695
690,1364
691,1455
691,1467
693,219
693,592
693,664
693,901
693,1243
693,1286
693,1355
694,138
694,358
694,438
694,630
694,1214
694,1360
695,146
695,170
695,176
695,192
695,196
695,198
695,231
695,280
695,289
695,298
695,381
695,382
695,449
695,454
695,461
695,476
695,524
695,532
695,553
695,579
695,588
695,610
695,639
695,690
695,741
695,752
695,825
695,833
695,839
695,847
695,848
695,946
695,969
695,997
695,1001
695,1047
695,1110
695,1118
695,1133
695,1195
695,1234
695,1247
695,1258
695,1282
695,1287
695,1364
695,1394
695,1398
695,1437
695,1444
695,1448
695,1449
695,1457
695,1477
695,1482
695,1485
696,401
696,571
696,815
696,990
697,138
697,293
697,869
697,1160
698,387
698,636
698,885
700,340
700,1049
701,178
701,1058
701,1339
702,286
702,341
702,418
702,437
702,771
702,1043
703,219
703,384
703,1018
703,1030
703,1043
703,1372
703,1412
703,1493
704,295
704,647
704,733
704,1028
705,311
705,600
705,993
705,1100
706,604
706,730
706,763
706,819
707,549
707,940
707,1331
707,1471
708,164
708,372
708,456
708,715
708,760
709,11
709,583
709,1161
711,228
711,237
711,283
711,489
711,495
711,863
711,877
711,1188
713,431
713,716
713,846
713,940
713,1435
714,139
714,395
714,438
714,884
715,164
715,171
715,307
715,456
715,545
715,708
715,1058
715,1121
715,1220
715,1385
716,187
716,217
716,713
716,940
716,1162
716,1423
716,1435
717,271
717,656
717,1186
718,92
718,247
718,390
718,426
718,685
718,783
718,802
718,1269
720,130
720,311
720,656
720,805
720,1100
721,187
721,210
721,373
721,804
721,999
723,387
723,408
723,577
723,645
723,985
723,1008
723,1500
723,1504
723,1535
725,218
725,344
725,406
725,942
725,1144
728,277
728,444
728,1276
728,1309
728,1351
728,1460
728,1524
729,604
729,730
729,1403
730,118
730,173
730,534
730,604
730,706
730,729
730,786
730,819
730,1065
730,1096
730,1239
730,1403
731,155
731,302
731,526
731,634
731,671
731,785
731,1042
731,1170
733,126
733,672
733,704
733,1028
734,345
734,394
734,440
734,1375
739,153
739,558
739,560
739,759
739,961
739,978
739,1443
740,171
740,571
740,615
740,815
740,1220
741,449
741,574
741,695
741,1118
741,1213
742,325
742,1178
742,1319
742,1347
744,118
744,1232
744,1285
745,157
745,182
745,224
745,251
745,854
745,950
745,1054
745,1137
746,1232
746,1284
747,353
747,439
747,508
747,562
747,769
747,852
747,1103
748,177
748,592
748,612
748,1109
748,1199
748,1312
748,1466
749,129
749,172
749,360
749,365
749,425
749,629
749,885
749,1019
751,137
751,225
751,353
751,377
751,457
751,627
751,1175
751,1177
752,198
752,440
752,695
752,1394
753,287
753,292
753,909
753,1400
753,1520
753,1529
754,201
754,301
754,497
754,1219
754,1318
754,1326
754,1352
758,257
758,464
758,826
758,1128
758,1210
758,1400
759,230
759,296
759,558
759,594
759,739
759,858
759,961
760,164
760,191
760,202
760,372
760,708
760,1070
760,1141
760,1386
761,129
761,1361
761,1456
762,206
762,1178
762,1292
763,706
763,798
763,819
764,444
764,765
764,1420
764,1433
765,444
765,764
765,1420
767,340
767,786
767,828
767,1192
769,427
769,439
769,747
769,1103
770,273
770,410
770,848
770,1068
771,143
771,437
771,702
771,794
771,1043
771,1085
771,1115
771,1478
774,401
774,649
774,885
774,990
776,276
776,277
776,464
776,507
776,797
776,844
776,1210
776,1377
777,779
777,824
779,353
779,678
779,777
779,780
779,801
779,824
780,126
780,672
780,678
780,779
783,92
783,224
783,426
783,718
783,917
785,302
785,671
785,731
785,987
786,340
786,730
786,767
786,828
786,1065
786,1096
786,1239
790,114
790,147
790,388
790,616
790,1292
791,333
791,449
791,470
791,644
791,1213
793,323
793,567
793,1060
793,1197
793,1402
793,1491
794,108
794,167
794,437
794,771
794,1478
795,331
795,462
795,504
795,566
795,836
795,964
795,1495
796,230
796,961
796,1146
797,464
797,776
797,844
798,763
798,819
798,829
798,905
799,1179
799,1430
799,1499
799,1527
801,169
801,317
801,353
801,357
801,779
801,824
801,887
801,924
801,968
801,973
801,986
801,1015
801,1050
801,1053
801,1291
802,106
802,426
802,582
802,685
802,718
802,995
802,1000
802,1242
802,1411
803,639
803,1133
803,1501
803,1507
803,1546
804,187
804,210
804,721
804,1423
805,130
805,163
805,555
805,656
805,720
806,138
806,191
806,1061
807,166
807,462
807,1009
807,1330
808,219
808,530
808,622
808,643
808,1014
809,273
809,1016
812,244
812,549
812,875
812,919
812,940
813,187
813,255
813,261
813,364
813,990
814,95
814,105
814,106
814,109
814,1261
815,265
815,355
815,571
815,615
815,696
815,740
815,990
815,1329
815,1416
816,186
816,243
816,408
816,460
816,542
816,585
816,895
816,916
816,1008
816,1335
819,118
819,706
819,730
819,763
819,798
819,905
820,254
820,452
820,501
820,942
820,1082
820,1144
820,1254
821,336
821,545
821,636
824,777
824,779
824,801
824,838
824,866
824,887
825,176
825,449
825,644
825,695
826,758
826,1128
827,112
827,414
827,1057
827,1382
828,534
828,767
828,786
828,1057
828,1096
828,1192
828,1382
829,118
829,557
829,798
829,851
829,905
829,987
829,1157
829,1209
829,1371
833,212
833,290
833,695
833,997
833,1037
833,1448
834,182
834,350
834,488
834,541
834,892
834,1165
836,194
836,331
836,352
836,462
836,472
836,504
836,795
837,412
837,848
837,891
837,1284
837,1446
837,1512
838,824
838,856
838,866
839,454
839,524
839,610
839,695
839,848
840,154
840,451
840,896
840,935
840,960
840,1033
840,1071
840,1440
842,152
842,469
842,662
842,1175
842,1318
842,1470
843,64
843,67
843,81
843,572
843,617
844,257
844,277
844,444
844,464
844,507
844,776
844,797
844,870
844,878
844,1460
844,1524
846,333
846,431
846,470
846,658
846,713
846,1435
846,1476
847,196
847,695
847,1398
848,124
848,273
848,298
848,410
848,412
848,498
848,524
848,550
848,553
848,588
848,610
848,618
848,640
848,695
848,770
848,837
848,839
848,936
848,1001
848,1002
848,1068
848,1133
848,1155
848,1195
848,1449
848,1494
848,1507
848,1512
850,642
850,1499
850,1532
851,557
851,829
851,874
851,904
851,1209
852,353
852,508
852,562
852,747
852,1415
854,168
854,182
854,224
854,251
854,266
854,541
854,745
854,892
856,838
856,866
857,227
857,282
857,318
857,386
857,451
857,607
857,1112
857,1150
857,1180
857,1185
857,1203
857,1230
857,1379
858,129
858,296
858,594
858,656
858,759
861,565
861,656
861,1186
862,546
862,567
862,639
862,992
862,1252
862,1505
863,234
863,237
863,283
863,711
863,877
863,916
866,824
866,838
866,856
866,887
869,138
869,202
869,438
869,697
869,1108
869,1160
869,1277
869,1322
870,257
870,464
870,844
874,851
874,904
875,108
875,362
875,399
875,812
875,919
875,940
877,283
877,711
877,863
878,257
878,287
878,313
878,444
878,844
878,909
878,1467
879,154
879,264
879,389
879,962
879,1013
883,567
883,1110
883,1437
884,395
884,420
884,438
884,714
885,129
885,149
885,172
885,201
885,236
885,248
885,272
885,319
885,366
885,387
885,393
885,401
885,425
885,466
885,467
885,471
885,523
885,636
885,698
885,749
885,774
885,940
885,990
885,1019
885,1022
885,1027
885,1238
885,1300
885,1315
885,1331
885,1350
885,1365
885,1405
885,1492
886,113
886,510
886,925
886,966
886,1232
886,1284
887,801
887,824
887,866
887,921
887,924
888,182
888,354
888,950
888,1439
890,253
890,469
890,1146
890,1265
891,124
891,241
891,263
891,370
891,837
891,1021
891,1106
891,1446
891,1512
892,135
892,266
892,402
892,488
892,541
892,834
892,854
892,943
894,337
894,619
894,679
894,976
894,1025
894,1122
894,1285
894,1302
895,186
895,243
895,816
896,184
896,451
896,840
896,935
896,1440
898,267
898,656
898,1432
899,137
899,306
899,509
899,1092
899,1263
899,1429
899,1465
899,1475
901,219
901,592
901,693
901,1355
901,1508
901,1537
901,1545
902,393
902,940
902,1331
902,1365
904,148
904,557
904,851
904,874
904,962
904,1129
905,118
905,798
905,819
905,829
906,294
906,915
906,1247
906,1258
906,1320
909,257
909,287
909,292
909,753
909,878
911,159
911,184
911,241
911,260
911,603
911,607
913,184
913,241
913,492
913,1442
913,1458
913,1497
914,651
914,1284
915,280
915,294
915,448
915,906
915,1025
915,1258
915,1320
916,11
916,67
916,137
916,186
916,190
916,200
916,234
916,243
916,283
916,446
916,460
916,583
916,816
916,863
916,1032
916,1048
916,1132
916,1161
916,1164
916,1335
916,1510
917,92
917,224
917,783
917,1137
917,1280
917,1298
919,362
919,549
919,812
919,875
919,1480
921,887
921,924
921,932
922,72
922,89
922,101
922,1054
922,1107
922,1393
922,1439
923,586
923,656
923,1179
924,801
924,887
924,921
924,932
924,973
925,113
925,510
925,886
927,204
927,219
927,436
927,952
927,1140
927,1256
927,1278
927,1498
929,11
929,245
929,509
929,608
929,624
929,1134
930,203
930,219
930,316
932,921
932,924
933,161
933,1306
933,1404
934,11
934,306
934,452
934,490
934,1082
934,1134
934,1429
935,154
935,184
935,840
935,896
935,1440
936,192
936,588
936,618
936,848
936,1001
937,330
937,686
937,1074
937,1215
937,1227
938,112
938,268
938,556
938,566
938,614
938,684
938,1308
940,151
940,167
940,196
940,244
940,255
940,269
940,319
940,323
940,369
940,380
940,396
940,399
940,431
940,476
940,479
940,519
940,549
940,598
940,663
940,707
940,713
940,716
940,812
940,875
940,885
940,902
940,990
940,1040
940,1089
940,1162
940,1197
940,1259
940,1300
940,1331
940,1345
940,1365
940,1368
940,1384
940,1398
940,1410
940,1425
940,1445
940,1473
940,1476
940,1486
940,1491
940,1519
942,218
942,344
942,457
942,501
942,525
942,725
942,820
942,1254
942,1516
943,135
943,168
943,224
943,266
943,356
943,402
943,892
943,1251
946,375
946,381
946,663
946,695
946,1184
946,1482
948,226
948,485
948,575
948,1176
948,1288
948,1511
950,182
950,745
950,888
950,1054
950,1107
950,1439
952,123
952,160
952,422
952,609
952,927
952,1278
952,1336
952,1498
958,134
958,141
958,494
958,540
958,1135
958,1154
958,1178
958,1370
959,204
959,499
959,593
959,1498
960,154
960,840
960,1033
961,153
961,230
961,253
961,739
961,759
961,796
961,1146
962,264
962,879
962,904
962,1013
962,1129
964,334
964,504
964,566
964,795
964,1017
966,886
966,1232
966,1284
967,440
967,510
967,1483
968,801
969,170
969,476
969,695
969,1398
971,238
971,358
971,388
971,438
971,1292
971,1323
971,1334
971,1349
971,1360
973,801
973,924
974,197
974,1153
974,1178
974,1343
976,345
976,478
976,679
976,894
976,1122
976,1483
978,497
978,558
978,560
978,739
978,981
979,433
979,495
979,1354
979,1438
981,469
981,497
981,560
981,605
981,978
985,387
985,545
985,636
985,723
985,1500
986,357
986,656
986,801
986,1050
986,1296
987,118
987,302
987,557
987,671
987,785
987,829
987,1232
987,1371
988,260
988,603
988,1102
988,1210
988,1379
989,105
989,147
989,165
989,312
989,475
989,616
989,1087
990,255
990,265
990,319
990,364
990,401
990,649
990,696
990,774
990,813
990,815
990,885
990,940
992,567
992,862
992,1252
992,1312
992,1505
992,1525
992,1541
992,1547
993,130
993,219
993,477
993,600
993,705
993,1100
993,1148
993,1340
995,106
995,802
995,1000
995,1381
997,695
997,833
997,1037
997,1444
999,210
999,373
999,721
1000,165
1000,582
1000,616
1000,802
1000,995
1000,1189
1000,1319
1000,1381
1001,192
1001,498
1001,610
1001,695
1001,848
1001,936
1001,1002
1002,848
1002,1001
1003,298
1003,412
1005,273
1005,1128
1005,1143
1008,202
1008,372
1008,408
1008,456
1008,460
1008,577
1008,723
1008,816
1008,1277
1008,1504
1008,1535
1009,134
1009,162
1009,166
1009,211
1009,459
1009,462
1009,807
1009,1330
1009,1370
1010,125
1010,131
1010,326
1010,382
1010,506
1010,1174
1010,1234
1010,1453
1011,108
1011,399
1012,241
1012,263
1012,1021
1013,154
1013,879
1013,962
1013,1033
1014,286
1014,530
1014,622
1014,808
1014,1328
1015,801
1015,1053
1015,1067
1016,140
1016,260
1016,273
1016,809
1016,1128
1017,116
1017,334
1017,428
1017,566
1017,684
1017,964
1017,1308
1018,219
1018,703
1018,1043
1019,172
1019,248
1019,360
1019,365
1019,471
1019,749
1019,885
1021,241
1021,263
1021,891
1021,1012
1021,1284
1021,1446
1022,172
1022,885
1025,280
1025,394
1025,448
1025,679
1025,894
1025,915
1025,1302
1025,1417
1027,236
1027,296
1027,360
1027,885
1027,1350
1028,126
1028,295
1028,353
1028,678
1028,704
1028,733
1030,129
1030,384
1030,499
1030,593
1030,703
1030,1372
1032,137
1032,916
1033,154
1033,840
1033,960
1033,1013
1033,1071
1037,290
1037,385
1037,443
1037,574
1037,833
1037,997
1037,1321
1037,1444
1040,167
1040,361
1040,479
1040,940
1040,1452
1042,155
1042,526
1042,634
1042,731
1042,1232
1042,1463
1043,219
1043,341
1043,384
1043,530
1043,702
1043,703
1043,771
1043,1018
1043,1115
1043,1412
1043,1493
1045,103
1045,275
1045,305
1045,359
1045,427
1045,648
1047,294
1047,382
1047,695
1047,1247
1048,137
1048,916
1048,1132
1049,340
1049,462
1049,561
1049,700
1049,1270
1049,1302
1050,353
1050,656
1050,801
1050,986
1050,1296
1052,123
1052,160
1052,573
1052,656
1052,1432
1052,1459
1053,317
1053,801
1053,1015
1053,1067
1053,1098
1053,1248
1054,60
1054,157
1054,745
1054,922
1054,950
1054,1107
1054,1280
1054,1298
1054,1393
1055,359
1055,416
1055,427
1057,112
1057,340
1057,827
1057,828
1057,1192
1057,1382
1057,1451
1058,164
1058,178
1058,307
1058,385
1058,701
1058,715
1058,1121
1058,1339
1058,1385
1060,177
1060,567
1060,793
1060,1312
1060,1402
1061,138
1061,191
1061,246
1061,279
1061,358
1061,675
1061,806
1061,1214
1061,1324
1061,1509
1062,656
1062,1357
1062,1450
1063,124
1063,367
1063,410
1063,640
1065,118
1065,337
1065,340
1065,561
1065,619
1065,730
1065,786
1065,1181
1065,1239
1066,222
1066,1122
1066,1232
1066,1483
1067,1015
1067,1053
1068,410
1068,770
1068,848
1070,164
1070,191
1070,547
1070,595
1070,760
1070,1386
1071,451
1071,840
1071,1033
1073,329
1073,642
1073,1224
1073,1404
1073,1434
1073,1484
1074,219
1074,330
1074,586
1074,686
1074,937
1074,1436
1074,1461
1075,82
1075,86
1075,96
1075,1242
1077,65
1077,80
1077,100
1077,109
1077,521
1077,1261
1077,1362
1077,1490
1079,131
1079,212
1079,215
1079,595
1079,606
1079,674
1079,1168
1079,1174
1079,1448
1080,137
1080,1263
1081,217
1081,349
1081,470
1081,559
1081,574
1081,1213
1082,452
1082,525
1082,820
1082,934
1082,1254
1082,1429
1085,143
1085,771
1085,1115
1087,105
1087,475
1087,500
1087,989
1089,396
1089,940
1089,1425
1090,177
1090,324
1090,664
1090,1199
1090,1466
1092,137
1092,457
1092,525
1092,899
1092,1429
1092,1516
1093,129
1093,514
1093,1124
1094,186
1094,542
1094,1318
1096,534
1096,730
1096,786
1096,828
1097,318
1097,1151
1098,653
1098,1053
1098,1136
1098,1248
1098,1291
1098,1357
1098,1450
1099,239
1099,343
1099,462
1099,614
1099,1472
1100,130
1100,311
1100,705
1100,720
1100,993
1102,276
1102,988
1102,1180
1102,1210
1102,1379
1103,103
1103,353
1103,427
1103,747
1103,769
1103,1373
1104,271
1104,656
1104,1414
1106,241
1106,263
1106,370
1106,891
1107,922
1107,950
1107,1054
1107,1439
1108,139
1108,395
1108,869
1108,1277
1108,1322
1108,1380
1108,1387
1109,592
1109,612
1109,748
1109,1312
1109,1528
1109,1537
1110,532
1110,546
1110,567
1110,695
1110,883
1110,1282
1110,1437
1111,146
1111,396
1111,1425
1112,857
1112,1180
1112,1230
1114,273
1114,1407
1115,143
1115,384
1115,771
1115,1043
1115,1085
1116,271
1116,1186
1116,1306
1118,574
1118,695
1118,741
1118,1444
1121,307
1121,715
1121,1058
1122,222
1122,478
1122,894
1122,976
1122,1066
1122,1285
1122,1483
1123,11
1123,299
1124,129
1124,267
1124,374
1124,514
1124,656
1124,1093
1124,1388
1126,358
1126,683
1126,1324
1126,1334
1128,140
1128,260
1128,273
1128,291
1128,589
1128,758
1128,826
1128,1005
1128,1016
1128,1143
1128,1210
1128,1268
1128,1400
1128,1502
1129,148
1129,264
1129,302
1129,904
1129,962
1130,127
1130,129
1130,143
1130,384
1131,105
1131,312
1131,463
1132,137
1132,186
1132,916
1132,1048
1132,1175
1133,639
1133,695
1133,803
1133,848
1133,1195
1133,1507
1134,11
1134,306
1134,509
1134,929
1134,934
1135,429
1135,494
1135,958
1135,1178
1136,653
1136,1098
1136,1166
1137,157
1137,224
1137,745
1137,917
1137,1280
1139,176
1139,644
1139,1364
1140,132
1140,188
1140,219
1140,436
1140,656
1140,927
1140,1256
1140,1325
1141,202
1141,372
1141,760
1142,394
1142,628
1142,1417
1143,273
1143,589
1143,1005
1143,1128
1143,1407
1144,218
1144,254
1144,275
1144,406
1144,501
1144,638
1144,648
1144,725
1144,820
1144,1413
1146,230
1146,253
1146,796
1146,890
1146,961
1146,1265
1148,219
1148,477
1148,993
1148,1340
1150,857
1150,1203
1151,318
1151,1097
1151,1185
1153,162
1153,363
1153,681
1153,974
1153,1178
1153,1260
1153,1343
1154,141
1154,518
1154,958
1154,1370
1155,848
1155,1494
1155,1507
1157,118
1157,829
1160,191
1160,202
1160,293
1160,697
1160,869
1161,11
1161,583
1161,709
1161,916
1161,1510
1162,187
1162,368
1162,380
1162,716
1162,940
1163,230
1163,353
1163,419
1163,656
1164,137
1164,916
1165,182
1165,350
1165,504
1165,564
1165,834
1165,1469
1166,653
1166,1136
1166,1186
1168,141
1168,191
1168,540
1168,595
1168,675
1168,1079
1170,154
1170,155
1170,184
1170,302
1170,731
1170,1442
1170,1497
1174,131
1174,141
1174,506
1174,518
1174,637
1174,1010
1174,1079
1174,1194
1174,1370
1175,137
1175,152
1175,186
1175,377
1175,662
1175,751
1175,842
1175,1132
1175,1177
1176,203
1176,575
1176,643
1176,673
1176,948
1176,1196
1176,1288
1177,137
1177,751
1177,1175
1178,197
1178,206
1178,279
1178,325
1178,356
1178,363
1178,402
1178,429
1178,540
1178,681
1178,742
1178,762
1178,958
1178,974
1178,1135
1178,1153
1178,1206
1178,1292
1178,1334
1178,1347
1179,586
1179,642
1179,656
1179,799
1179,923
1179,1264
1179,1430
1179,1499
1180,276
1180,277
1180,857
1180,1102
1180,1112
1180,1230
1180,1379
1181,337
1181,561
1181,1065
1184,375
1184,663
1184,946
1185,318
1185,857
1185,1151
1185,1203
1186,271
1186,339
1186,565
1186,653
1186,656
1186,717
1186,861
1186,1116
1186,1166
1186,1201
1186,1306
1188,237
1188,433
1188,495
1188,711
1188,1354
1188,1362
1189,582
1189,1000
1189,1319
1191,104
1191,354
1191,1469
1192,340
1192,767
1192,828
1192,1057
1192,1451
1193,156
1193,190
1193,213
1193,395
1193,539
1194,141
1194,637
1194,1174
1195,695
1195,848
1195,1133
1196,575
1196,622
1196,643
1196,1176
1197,259
1197,324
1197,793
1197,940
1197,1402
1197,1486
1197,1491
1199,592
1199,664
1199,748
1199,1090
1199,1466
1201,1186
1203,857
1203,1150
1203,1185
1203,1230
1206,279
1206,1178
1206,1334
1209,829
1209,851
1210,260
1210,276
1210,464
1210,758
1210,776
1210,988
1210,1102
1210,1128
1212,197
1212,488
1212,502
1212,522
1212,659
1212,1421
1212,1517
1213,449
1213,470
1213,574
1213,741
1213,791
1213,1081
1214,138
1214,246
1214,358
1214,630
1214,694
1214,1061
1215,284
1215,311
1215,330
1215,441
1215,503
1215,551
1215,656
1215,937
1215,1227
1219,754
1219,1318
1219,1326
1219,1352
1220,171
1220,336
1220,366
1220,545
1220,571
1220,636
1220,715
1220,740
1223,167
1223,369
1223,399
1223,1481
1224,110
1224,642
1224,656
1224,1073
1224,1404
1227,503
1227,686
1227,937
1227,1215
1230,277
1230,857
1230,1112
1230,1180
1230,1203
1230,1276
1232,118
1232,155
1232,175
1232,222
1232,241
1232,242
1232,510
1232,631
1232,671
1232,744
1232,746
1232,886
1232,966
1232,987
1232,1042
1232,1066
1232,1272
1232,1284
1232,1285
1232,1314
1232,1333
1232,1463
1232,1483
1232,1497
1234,131
1234,215
1234,382
1234,695
1234,1010
1234,1448
1234,1453
1238,201
1238,387
1238,473
1238,585
1238,885
1239,730
1239,786
1239,1065
1242,86
1242,96
1242,106
1242,685
1242,802
1242,1075
1243,219
1243,435
1243,664
1243,693
1246,350
1246,488
1246,502
1246,1421
1247,294
1247,461
1247,695
1247,906
1247,1047
1247,1258
1248,317
1248,1053
1248,1098
1248,1291
1251,168
1251,224
1251,943
1252,862
1252,992
1252,1505
1254,525
1254,820
1254,942
1254,1082
1255,324
1255,485
1255,652
1255,1288
1255,1316
1256,436
1256,656
1256,927
1256,1140
1256,1278
1257,308
1257,504
1257,564
1258,280
1258,461
1258,695
1258,906
1258,915
1258,1247
1259,375
1259,476
1259,663
1259,940
1260,162
1260,197
1260,462
1260,472
1260,1153
1260,1343
1261,105
1261,109
1261,814
1261,1077
1261,1490
1262,159
1262,603
1262,1379
1263,137
1263,245
1263,509
1263,899
1263,1080
1263,1475
1264,586
1264,1179
1264,1430
1265,230
1265,353
1265,469
1265,890
1265,1146
1265,1468
1266,118
1266,619
1266,1285
1268,589
1268,1128
1268,1400
1268,1502
1269,390
1269,685
1269,718
1270,112
1270,239
1270,340
1270,417
1270,462
1270,614
1270,1049
1272,222
1272,1232
1272,1285
1276,277
1276,728
1276,1230
1276,1309
1277,202
1277,460
1277,869
1277,1008
1277,1108
1277,1380
1277,1536
1278,123
1278,656
1278,927
1278,952
1278,1256
1280,157
1280,917
1280,1054
1280,1137
1280,1298
1282,546
1282,639
1282,695
1282,1110
1284,113
1284,241
1284,412
1284,423
1284,651
1284,746
1284,837
1284,886
1284,914
1284,966
1284,1021
1284,1232
1284,1446
1285,118
1285,222
1285,619
1285,744
1285,894
1285,1122
1285,1232
1285,1266
1285,1272
1286,219
1286,693
1286,1355
1287,695
1287,1394
1287,1457
1288,203
1288,219
1288,316
1288,435
1288,485
1288,652
1288,664
1288,673
1288,948
1288,1176
1288,1255
1288,1511
1290,275
1290,305
1290,638
1291,169
1291,281
1291,317
1291,357
1291,656
1291,801
1291,1098
1291,1248
1291,1327
1291,1357
1292,206
1292,325
1292,388
1292,616
1292,762
1292,790
1292,971
1292,1178
1292,1334
1296,656
1296,986
1296,1050
1298,60
1298,92
1298,93
1298,917
1298,1054
1298,1280
1300,885
1300,940
1300,1365
1302,337
1302,448
1302,462
1302,561
1302,894
1302,1025
1302,1049
1303,108
1303,127
1303,143
1303,362
1303,620
1303,1478
1306,161
1306,271
1306,411
1306,933
1306,1116
1306,1186
1306,1404
1306,1414
1306,1422
1308,112
1308,414
1308,428
1308,480
1308,684
1308,938
1308,1017
1309,728
1309,1276
1309,1351
1312,177
1312,567
1312,748
1312,992
1312,1060
1312,1109
1312,1525
1312,1528
1314,671
1314,1232
1315,366
1315,636
1315,885
1316,324
1316,652
1316,1255
1318,186
1318,497
1318,537
1318,542
1318,662
1318,754
1318,842
1318,1094
1318,1219
1318,1326
1318,1352
1318,1470
1319,224
1319,325
1319,356
1319,426
1319,582
1319,616
1319,742
1319,1000
1319,1189
1319,1347
1320,294
1320,906
1320,915
1321,210
1321,349
1321,373
1321,385
1321,559
1321,574
1321,1037
1322,139
1322,438
1322,869
1322,1108
1323,238
1323,395
1323,420
1323,438
1323,971
1324,279
1324,358
1324,683
1324,1061
1324,1126
1324,1334
1325,132
1325,188
1325,555
1325,656
1325,1140
1325,1454
1326,754
1326,1219
1326,1318
1327,656
1327,1291
1328,286
1328,530
1328,1014
1329,307
1329,355
1329,615
1329,815
1329,1416
1330,462
1330,807
1330,1009
1331,115
1331,127
1331,393
1331,467
1331,523
1331,707
1331,885
1331,902
1331,940
1331,1471
1333,242
1333,526
1333,671
1333,1232
1333,1463
1334,279
1334,358
1334,683
1334,971
1334,1126
1334,1178
1334,1206
1334,1292
1334,1324
1335,243
1335,816
1335,916
1336,422
1336,609
1336,952
1336,1361
1338,166
1338,434
1338,462
1338,1370
1338,1401
1339,164
1339,178
1339,547
1339,595
1339,701
1339,1058
1339,1342
1340,219
1340,993
1340,1148
1342,547
1342,595
1342,1339
1343,197
1343,974
1343,1153
1343,1260
1345,479
1345,940
1345,1486
1347,356
1347,742
1347,1178
1347,1319
1349,114
1349,238
1349,388
1349,971
1350,248
1350,360
1350,885
1350,1027
1351,444
1351,728
1351,1309
1351,1420
1352,301
1352,542
1352,754
1352,1219
1352,1318
1353,301
1353,542
1353,585
1354,433
1354,495
1354,979
1354,1188
1355,219
1355,693
1355,901
1355,1286
1357,656
1357,1062
1357,1098
1357,1291
1357,1450
1359,80
1359,95
1359,109
1360,358
1360,438
1360,694
1360,971
1361,129
1361,160
1361,422
1361,609
1361,761
1361,1336
1361,1456
1362,237
1362,391
1362,433
1362,521
1362,1077
1362,1188
1362,1490
1364,176
1364,644
1364,690
1364,695
1364,1139
1365,393
1365,885
1365,902
1365,940
1365,1300
1365,1368
1368,940
1368,1365
1369,323
1369,567
1369,1437
1370,125
1370,134
1370,166
1370,506
1370,518
1370,958
1370,1009
1370,1154
1370,1174
1370,1338
1370,1401
1371,829
1371,987
1372,219
1372,593
1372,703
1372,1030
1373,103
1373,427
1373,1103
1374,598
1374,623
1374,641
1374,644
1374,658
1374,1425
1374,1526
1375,345
1375,394
1375,734
1377,276
1377,277
1377,776
1378,11
1378,245
1378,608
1379,159
1379,386
1379,603
1379,857
1379,988
1379,1102
1379,1180
1379,1262
1380,395
1380,460
1380,1108
1380,1277
1380,1387
1380,1536
1381,106
1381,165
1381,312
1381,995
1381,1000
1382,414
1382,534
1382,827
1382,828
1382,1057
1384,196
1384,940
1384,1445
1385,164
1385,715
1385,1058
1386,164
1386,760
1386,1070
1387,395
1387,1108
1387,1380
1388,267
1388,656
1388,1124
1390,462
1390,566
1390,1495
1393,60
1393,89
1393,922
1393,1054
1394,113
1394,440
1394,695
1394,752
1394,1287
1394,1457
1398,196
1398,476
1398,695
1398,847
1398,940
1398,969
1400,179
1400,257
1400,292
1400,589
1400,753
1400,758
1400,1128
1400,1268
1400,1529
1400,1538
1401,125
1401,434
1401,1338
1401,1370
1402,177
1402,259
1402,793
1402,1060
1402,1197
1403,173
1403,604
1403,729
1403,730
1404,110
1404,161
1404,656
1404,933
1404,1073
1404,1224
1404,1306
1404,1422
1404,1434
1405,149
1405,272
1405,314
1405,885
1406,231
1406,298
1406,412
1406,423
1407,273
1407,348
1407,589
1407,687
1407,1114
1407,1143
1407,1494
1407,1515
1407,1540
1410,151
1410,940
1410,1473
1411,685
1411,802
1412,384
1412,703
1412,1043
1412,1493
1413,353
1413,406
1413,648
1413,1144
1414,271
1414,411
1414,656
1414,1104
1414,1306
1415,353
1415,554
1415,562
1415,852
1416,615
1416,815
1416,1329
1417,280
1417,394
1417,628
1417,1025
1417,1142
1420,444
1420,764
1420,765
1420,1351
1420,1433
1421,197
1421,350
1421,472
1421,502
1421,1212
1421,1246
1422,1306
1422,1404
1422,1434
1423,187
1423,210
1423,217
1423,716
1423,804
1424,84
1424,97
1424,120
1424,299
1424,379
1425,146
1425,396
1425,598
1425,644
1425,940
1425,1089
1425,1111
1425,1374
1429,306
1429,525
1429,899
1429,934
1429,1082
1429,1092
1429,1465
1430,219
1430,586
1430,799
1430,1179
1430,1264
1430,1527
1430,1539
1432,267
1432,514
1432,573
1432,646
1432,656
1432,898
1432,1052
1433,313
1433,444
1433,764
1433,1420
1433,1455
1434,1073
1434,1404
1434,1422
1434,1484
1435,217
1435,470
1435,713
1435,716
1435,846
1436,219
1436,586
1436,1074
1437,196
1437,323
1437,532
1437,567
1437,695
1437,883
1437,1110
1437,1369
1437,1445
1438,105
1438,150
1438,310
1438,433
1438,475
1438,495
1438,500
1438,979
1439,101
1439,354
1439,888
1439,922
1439,950
1439,1107
1440,840
1440,896
1440,935
1442,184
1442,913
1442,1170
1442,1497
1443,153
1443,253
1443,560
1443,739
1444,574
1444,695
1444,997
1444,1037
1444,1118
1445,196
1445,323
1445,940
1445,1384
1445,1437
1446,837
1446,891
1446,1021
1446,1284
1448,212
1448,215
1448,695
1448,833
1448,1079
1448,1234
1449,553
1449,588
1449,695
1449,848
1449,1485
1450,565
1450,653
1450,656
1450,1062
1450,1098
1450,1357
1451,340
1451,1057
1451,1192
1452,361
1452,479
1452,575
1452,1040
1453,382
1453,1010
1453,1234
1454,130
1454,188
1454,555
1454,1325
1455,313
1455,691
1455,1433
1455,1467
1455,1518
1456,129
1456,160
1456,514
1456,761
1456,1361
1457,113
1457,231
1457,651
1457,695
1457,1287
1457,1394
1458,241
1458,492
1458,913
1459,123
1459,1052
1460,444
1460,728
1460,844
1460,1524
1461,219
1461,503
1461,600
1461,686
1461,1074
1463,526
1463,1042
1463,1232
1463,1333
1465,306
1465,899
1465,1429
1466,177
1466,748
1466,1090
1466,1199
1467,287
1467,313
1467,691
1467,878
1467,1455
1467,1518
1467,1520
1468,221
1468,353
1468,469
1468,1265
1469,104
1469,182
1469,354
1469,564
1469,1165
1469,1191
1470,469
1470,537
1470,842
1470,1318
1471,127
1471,362
1471,549
1471,707
1471,1331
1471,1480
1472,239
1472,407
1472,462
1472,1099
1473,151
1473,269
1473,396
1473,663
1473,940
1473,1410
1475,509
1475,899
1475,1263
1476,403
1476,431
1476,519
1476,658
1476,846
1476,940
1477,146
1477,289
1477,663
1477,695
1478,108
1478,143
1478,771
1478,794
1478,1303
1480,362
1480,549
1480,919
1480,1471
1481,108
1481,167
1481,399
1481,1223
1482,375
1482,476
1482,695
1482,946
1483,345
1483,440
1483,510
1483,967
1483,976
1483,1066
1483,1122
1483,1232
1484,329
1484,455
1484,1073
1484,1434
1484,1514
1485,553
1485,695
1485,1449
1486,324
1486,479
1486,940
1486,1197
1486,1345
1489,114
1489,378
1490,105
1490,433
1490,1077
1490,1261
1490,1362
1491,323
1491,793
1491,940
1491,1197
1492,425
1492,885
1493,703
1493,1043
1493,1412
1494,273
1494,848
1494,1155
1494,1407
1495,462
1495,566
1495,795
1495,1390
1497,155
1497,175
1497,241
1497,913
1497,1170
1497,1232
1497,1442
1498,129
1498,204
1498,422
1498,483
1498,499
1498,927
1498,952
1498,959
1499,642
1499,799
1499,850
1499,1179
1499,1527
1499,1532
1499,1548
1500,545
1500,577
1500,645
1500,723
1500,985
1501,639
1501,803
1501,1513
1501,1546
1502,589
1502,1128
1502,1268
1504,577
1504,723
1504,1008
1505,639
1505,862
1505,992
1505,1252
1505,1513
1505,1547
1507,803
1507,848
1507,1133
1507,1155
1507,1546
1508,219
1508,901
1508,1533
1508,1545
1509,191
1509,1061
1510,11
1510,916
1510,1161
1511,485
1511,948
1511,1288
1512,124
1512,837
1512,848
1512,891
1513,639
1513,1501
1513,1505
1514,455
1514,1484
1514,1522
1514,1542
1515,348
1515,589
1515,1407
1515,1538
1515,1540
1515,1543
1515,1549
1516,457
1516,525
1516,942
1516,1092
1517,402
1517,488
1517,522
1517,1212
1518,1455
1518,1467
1518,1544
1519,479
1519,940
1520,287
1520,753
1520,1467
1520,1529
1521,329
1521,455
1521,642
1521,1522
1521,1532
1521,1550
1522,455
1522,1514
1522,1521
1522,1542
1524,277
1524,728
1524,844
1524,1460
1525,992
1525,1312
1525,1528
1525,1541
1526,598
1526,641
1526,1374
1527,799
1527,1430
1527,1499
1527,1548
1528,1109
1528,1312
1528,1525
1528,1537
1529,753
1529,1400
1529,1520
1530,115
1530,127
1532,642
1532,850
1532,1499
1532,1521
1532,1550
1533,219
1533,1508
1535,408
1535,723
1535,1008
1536,460
1536,1277
1536,1380
1537,592
1537,901
1537,1109
1537,1528
1537,1545
1538,589
1538,1400
1538,1515
1538,1543
1539,219
1539,1430
1540,1407
1540,1515
1541,992
1541,1525
1541,1547
1542,1514
1542,1522
1543,1515
1543,1538
1543,1549
1544,1
1544,1518
1545,901
1545,1508
1545,1537
1546,803
1546,1501
1546,1507
1547,992
1547,1505
1547,1541
1548,1499
1548,1527
1549,1515
1549,1543
1550,1521
1550,1532
