Label,Parent,Geometry/Area,Geometry/Perimeter,Lobeyness/Circularity,CellCenters(x),CellCenters(y)
1,0,7,8.419,0.805773749809538,3461,1277.42857142857
11,0,38150,1813.736,6.86188981493614,149.680104849279,218.476697247706
45,0,2737,217.943,1.38102387905516,34.0599196200219,1248.54804530508
55,0,38,25.166,1.32627909386459,2.44736842105263,550.657894736842
58,0,728,115.244,1.45176193217399,18.5164835164835,178.001373626374
60,0,5130,328.16,1.67049067980428,45.0173489278752,1046.30740740741
64,0,7728,408.749,1.72042771012359,70.0582298136646,514.735766045549
65,0,3361,245.167,1.42313352376621,37.031240702172,613.303183576317
67,0,9792,593.068,2.85843100730723,60.938112745098,390.549632352941
68,0,772,105.411,1.14536709542652,14.229274611399,17.7253886010363
72,0,2192,219.688,1.75211358299244,32.4607664233577,1148.84854014599
74,0,475,117.766,2.32346628391822,19.0421052631579,1272.78105263158
76,0,3364,301.969,2.15704333613952,49.7529726516052,32.1293103448276
79,0,1713,171.647,1.36869035771144,26.9404553415061,893.980151780502
80,0,4296,271.83,1.36873897348132,38.8333333333333,666.496508379888
81,0,407,99.895,1.95111662382957,9.03931203931204,460.751842751843
82,0,1116,128.542,1.17819193919095,14.2374551971326,778.958781362007
83,0,1263,141.725,1.26555119063423,18.0142517814727,862.547110055424
84,0,6693,398.682,1.88982925403993,70.0978634394143,79.6808606006275
86,0,5411,343.583,1.73610479619877,56.5287377564221,822.294215486971
89,0,2565,224.352,1.56157431626098,26.1504873294347,1102.85575048733
92,0,6973,507.555,2.93992798062912,89.4153162197046,967.175390793059
93,0,4660,319.209,1.74002093931794,58.3841201716738,1001.98412017167
94,0,8257,698.477,4.70188573997058,135.60288240281,1243.62334988495
95,0,7352,575.055,3.57934372220839,117.988710554951,709.884929270947
96,0,5452,462.894,3.12750052928626,94.7905355832722,741.307960381511
97,0,9377,507.293,2.18395637634765,107.781273328357,129.250826490349
98,0,99,58.395,2.74098252628082,14.5151515151515,2.37373737373737
99,0,2381,198.98,1.32327343378772,30.9781604367913,113.343553128937
100,0,9362,464.102,1.83083151324792,95.1201666310617,564.755714590899
101,0,9749,749.25,4.58230052840641,154.442712073033,1216.88686019079
102,0,2263,266.257,2.49291603311407,51.3460008837826,931.370304904993
103,0,5888,467.34,2.95180893563248,707.083389945652,763.59714673913
104,0,9577,556.617,2.5743855027288,3149.22313876997,1133.81633079252
105,0,9436,667.312,3.75543347448831,1118.28359474354,320.398155998304
106,0,4339,352.838,2.28323802851452,408.228624106937,432.54805254667
107,0,641,130.023,2.09880684009804,47.4680187207488,7.95787831513261
108,0,9281,650.346,3.62647184587446,299.10569981683,707.616097403297
109,0,4408,373.483,2.51820004506747,2634.9441923775,894.75612522686
110,0,635,97.738,1.19713549121954,2892.77952755906,1197.93858267717
111,0,278,76.334,1.66794367650811,59.9424460431655,1273.44604316547
112,0,6748,412.476,2.00637649001781,1969.30409010077,178.881298162418
113,0,7378,440.776,2.09549854631449,2899.42897804283,601.876389265384
114,0,9211,581.834,2.92470148598463,1441.26272934535,299.326783194007
115,0,2185,297.71,3.2279406432264,354.999084668192,497.94828375286
116,0,981,144.397,1.69136550651291,535.843017329256,156.687054026504
117,0,674,102.7,1.24529179504727,84.0504451038576,1266.22255192878
118,0,17328,831.713,3.1767912375466,689.267659279778,177.49290166205
120,0,4840,640.454,6.74404810075931,192.598553719008,13.2714876033058
121,0,1300,182.663,2.04243364433899,116.955384615385,1264.86846153846
123,0,5746,407.656,2.30150642633684,2956.61138183084,890.952836756004
124,0,8177,572.022,3.18435591226718,241.367738779503,381.68790509967
125,0,3119,327.153,2.73071625480074,898.220904135941,1046.73613337608
126,0,2212,264.053,2.50834474519133,756.731464737794,1002.50361663653
127,0,7144,570.327,3.62323542892788,666.435470324748,733.182110862262
129,0,52040,2232.616,7.62221006618341,2405.52986164489,192.310299769408
130,0,7599,519.507,2.82628854928781,2870.42913541255,656.479141992367
131,0,1371,147.069,1.2554371043709,2554.412837345,613.846097738877
132,0,1209,144.381,1.37209419215874,3132.28784119107,1076.49131513648
134,0,1794,227.166,2.28904515088826,796.257525083612,770.327759197324
135,0,1452,151.899,1.26454226424312,3321.42768595041,233.6108815427
137,0,19825,1063.054,4.53615192884712,1616.11435056747,51.675762925599
138,0,4151,345.587,2.28956088508467,2638.6032281378,264.753071549024
139,0,1337,152.635,1.38665043031471,2652.88481675393,765.680628272251
140,0,493,97.191,1.52473832955826,1838.92494929006,365.933062880325
141,0,9588,712.551,4.21399502390729,1222.86128493951,867.593137254902
142,0,987,118.727,1.13650662487874,2972.59473150963,98.4934143870314
143,0,5691,465.338,3.02787950424828,1863.72342294852,1051.49112633983
146,0,7508,531.419,2.99322957504009,1714.13891848695,929.530234416622
147,0,3375,320.453,2.42128015314637,315.779851851852,1099.62903703704
148,0,724,108.67,1.29798867696276,3053.51933701657,585.839779005525
149,0,563,95.578,1.29121219216227,973.429840142096,84.417406749556
150,0,844,124.054,1.4510060853523,1964.83293838863,476.475118483412
151,0,3195,295.76,2.17870358794205,2014.28794992175,754.263536776213
152,0,6084,494.705,3.20105790437382,3156.35305719921,522.525969756739
153,0,640,101.443,1.27954136540342,679.4875,1156.0015625
154,0,3853,323.994,2.16802887585331,1198.57461718142,372.322086685699
155,0,2789,210.551,1.26490013389795,882.255288633919,748.172463248476
156,0,1595,162.271,1.31374559737464,3354.83824451411,720.120376175549
157,0,2267,234.444,1.92937595126679,2988.77370974857,763.65725628584
158,0,413,78.815,1.19689993695868,739.273607748184,437.283292978208
159,0,4826,369.967,2.25698563187836,2232.41131371736,1150.25031081641
160,0,5635,373.605,1.97115862755865,3230.85235137533,1099.77036379769
161,0,3031,296.884,2.31407688957161,1572.75651600132,477.499175189706
162,0,8554,520.648,2.52179221072564,2832.80547112462,1013.11889174655
163,0,674,101.5,1.21636054337424,515.992581602374,1233.83827893175
164,0,3808,261.643,1.43057765242176,2117.64784663866,704.791491596639
165,0,5494,438.163,2.78082003523148,2336.5591554423,1168.52894066254
166,0,2158,206.804,1.57709031555576,3083.52270620945,271.735403151066
167,0,5607,392.76,2.18934438955413,2355.98751560549,509.578384162654
168,0,1658,189.835,1.72964980810582,571.630277442702,1074.03920386007
169,0,1789,199.369,1.76805209204324,1834.22917831191,623.529904974846
170,0,1515,212.453,2.37084542263314,1007.34653465347,385.86798679868
171,0,489,87.565,1.24779252858346,1170.65644171779,1141.86503067485
172,0,3920,286.767,1.66940771014031,3187.39081632653,117.160969387755
173,0,925,117.239,1.18247676022801,3174.53837837838,905.467027027027
175,0,851,125.69,1.47727731325653,1311.84136310223,967.172737955347
176,0,8976,617.204,3.3772620199898,2534.76916221034,855.374554367201
177,0,9662,500.634,2.06425708860373,1555.84009521838,354.001034982405
178,0,6809,562.861,3.70261978669148,1584.78278748715,1172.39917755911
179,0,2498,222.643,1.57912239407651,1666.27622097678,732.7806244996
180,0,650,94.999,1.10487932471102,2605.73384615385,135.62
182,0,15220,822.947,3.54094528704439,3274.97917214192,991.224244415243
184,0,12574,760.769,3.66287666127669,3253.89573723557,260.163273421346
185,0,4245,302.199,1.71197921319058,338.628504122497,1254.85842167256
186,0,5138,397.98,2.45311852106817,168.50311405216,845.637796808096
187,0,5018,382.016,2.31431561045334,1362.32562774014,698.726185731367
188,0,7260,461.653,2.33606455274796,2687.76955922865,827.18044077135
190,0,7017,582.809,3.85204328758276,1975.95183126692,334.049878865612
191,0,9353,610.208,3.1680716544709,1361.05025125628,1017.60558109697
192,0,3462,342.786,2.70090447807806,955.557481224726,711.607741190064
193,0,4991,347.834,1.92906396397209,364.416149068323,25.7004608294931
194,0,1955,187.991,1.43852525350488,1139.72531969309,1195.20562659847
195,0,1587,262.874,3.46504178716409,470.055450535602,10.1852551984877
196,0,9491,641.243,3.44765211638831,2382.11958697714,750.818564956274
197,0,11068,696.233,3.4852199688647,2552.59794000723,567.925099385616
198,0,10648,627.624,2.94388728870391,2032.82607062359,1192.98431630353
199,0,26,43.608,5.82035033258051,341.769230769231,1277.88461538462
200,0,4466,336.679,2.01977724170737,289.979847738468,308.453873712494
201,0,6673,402.37,1.93072400900684,3164.42469653829,707.38588341076
202,0,9596,563.905,2.63701006515377,2733.0091704877,249.885160483535
203,0,4464,379.091,2.56184528318656,2924.00537634409,230.423387096774
204,0,2776,255.682,1.87400602911392,3145.41642651297,433.928674351585
206,0,886,125.839,1.42228598624779,2674.09593679458,422.204288939052
210,0,3872,362.688,2.70346754707969,2339.41864669421,1134.71720041322
211,0,871,126.386,1.45938513754378,343.988518943743,391.149253731343
212,0,5646,559.257,4.40830992184752,998.913921360255,929.329259652852
213,0,2351,229.408,1.78137201053519,2489.442790302,426.728200765632
215,0,901,128.222,1.45207964768903,3156.07325194229,1097.18867924528
217,0,5341,430.372,2.75965997487203,2074.19134993447,905.857142857143
218,0,631,98.531,1.22435274072797,2994.46909667195,1175.53565768621
219,0,40794,2351.073,10.7826640039981,815.331421287444,477.541108986616
220,0,765,120.273,1.50475220526368,416.196078431373,1267.46928104575
221,0,1653,214.934,2.22396283134206,1287.79975801573,371.437386569873
222,0,3219,312.135,2.40854130061236,3118.23889406648,370.038831935384
224,0,7727,438.005,1.97577442766605,2721.64526983305,1056.98045813382
225,0,2342,223.445,1.69646352758965,2009.03885567891,594.410760034159
226,0,2185,258.75,2.43836890608718,3246.17711670481,53.4787185354691
227,0,728,113.831,1.41638023885947,2997.18818681319,211.872252747253
228,0,1649,300.255,4.35060822729346,1577.26258338387,86.7004244996968
230,0,7517,627.326,4.16612370057737,491.071970200878,361.969136623653
231,0,8122,530.807,2.76058061348379,2180.49335139128,740.340310268407
233,0,1510,183.895,1.78218601357662,469.595364238411,1267.73973509934
234,0,5904,494.89,3.30111872320154,1575.95951897019,920.558604336043
236,0,2445,233.716,1.77782153352652,861.504703476483,929.281799591002
237,0,7568,495.002,2.57645712595901,2258.46049154334,260.041622621564
238,0,1662,158.267,1.19933320282833,1899.08243080626,634.127557160048
239,0,1697,193.845,1.7620470487998,3403.47967000589,981.477312905127
240,0,638,115.8,1.67257875476709,1663.70376175549,490.757053291536
241,0,21709,1065.655,4.16278107302753,594.025289050624,1034.28757658114
242,0,779,125.905,1.61934219740865,1772.32734274711,808.324775353017
243,0,2091,204.141,1.58597588269678,2381.6212338594,992.500239120038
244,0,688,113.417,1.48784609286423,2338.4476744186,901.893895348837
245,0,5027,354.858,1.99338163029579,2417.47205092501,262.987268748757
246,0,109,40.012,1.16881064500327,143.146788990826,904.073394495413
247,0,6484,451.289,2.49952005435456,3010.29642196175,642.446020974707
248,0,686,115.286,1.541768478706,1446.15306122449,781.032069970845
250,0,1103,224.177,3.62574059887197,550.47416137806,1272.6690843155
251,0,800,108.86,1.17879099340533,1823.50875,1008.1025
252,0,1277,145.075,1.31154862715971,2359.28347689898,1186.7329678935
253,0,2875,240.472,1.60059449098694,2576.7092173913,1011.928
254,0,5787,405.957,2.26619210642649,579.673924313116,25.5227233454294
255,0,516,95.281,1.40008063066811,3066.74612403101,124.137596899225
257,0,7296,519.669,2.94549935249543,858.11444627193,868.409676535088
258,0,5732,441.898,2.71099069043478,592.023900907188,1254.19853454292
259,0,3170,288.315,2.08672562536877,877.195899053628,1197.05646687697
260,0,4165,298.809,1.70593499570227,3089.13637454982,942.834333733493
261,0,747,138.84,2.05351908833757,1799.42838018742,289.488621151272
263,0,3241,298.787,2.19196946719188,811.869793273681,351.574822585622
264,0,2881,320.04,2.8291462675809,328.96528982992,1051.05623047553
265,0,3326,334.528,2.6775207135387,457.326819001804,185.25315694528
266,0,584,96.001,1.25582406972871,1987.04965753425,1022.16780821918
267,0,2696,272.526,2.19223007716986,904.520400593472,394.462166172107
268,0,1207,151.145,1.50615766306089,854.978458989229,688.888980944491
269,0,678,98.316,1.13451134703975,238.687315634218,604.438053097345
271,0,5064,404.702,2.57375462619275,3058.79699842022,556.029818325434
272,0,4772,324.183,1.75254902197468,548.871123218776,618.04589270746
273,0,33080,1815.132,7.92576263395626,539.952418379686,927.072853688029
275,0,4032,328.228,2.12628201359591,2695.48288690476,545.193700396825
276,0,5784,366.544,1.84847712898288,2585.06206777317,432.26867219917
277,0,7751,523.452,2.81310618815823,2840.91033415043,972.543542768675
278,0,520,95.438,1.3938930468167,2256.31346153846,173.807692307692
279,0,6872,420.737,2.04987980585062,275.576396973225,87.4981082654249
280,0,4609,337.15,1.96259078734392,2324.97786938598,296.225428509438
281,0,2264,272.993,2.61948994507552,2557.18948763251,105.15371024735
282,0,817,120.538,1.41519420637617,1259.394124847,512.525091799266
283,0,6073,471.857,2.91747846634829,850.039189856743,794.330808496624
284,0,762,106.479,1.18403105210691,1755.01181102362,840.41469816273
286,0,2827,275.516,2.13677097986073,2266.38486027591,964.616908383445
287,0,2632,261.719,2.07097451941355,2735.91147416413,206.160714285714
289,0,1377,150.451,1.30811628745191,2274.35366739288,571.400145243283
290,0,2141,218.457,1.77380305828372,655.333956095283,313.16907986922
291,0,5926,425.155,2.42729784706577,2624.32348970638,529.357914276072
292,0,3161,301.887,2.29432249585998,251.707054729516,1049.5814615628
293,0,751,114.6,1.39161606685536,1923.35952063915,996.237017310253
294,0,8251,542.977,2.84345537072638,2545.87589383105,681.136468306872
295,0,4348,370.06,2.50636830286471,1304.00551977921,444.473781048758
296,0,9375,644.132,3.52183179403097,2299.05994666667,533.528106666667
298,0,6617,584.81,4.11299879108871,1009.27565361947,856.566570953604
299,0,6573,502.319,3.05482062857522,944.115168111973,749.362087326944
300,0,333,134.248,4.30686789934137,923.543543543544,1275.68468468468
301,0,1933,211.659,1.84430083050338,2505.69374030005,815.480082772892
302,0,9254,643.586,3.56183516576973,2208.48400691593,486.985952020748
305,0,4104,388.563,2.92755909902375,709.047514619883,15.1440058479532
306,0,632,95.728,1.1538544483435,3129.26265822785,179.210443037975
307,0,4914,367.643,2.18880759236955,2953.13756613757,1188.63227513228
308,0,3753,378.285,3.03423918733563,710.213162803091,1258.26778577138
310,0,969,129.735,1.38223113484514,2232.65015479876,1190.88854489164
311,0,4572,322.382,1.80894550889175,1679.32130358705,1002.32874015748
312,0,7848,496.684,2.50144801392183,1142.59760448522,766.629587155963
313,0,2679,224.991,1.50365330895842,555.150802538261,339.874580067189
314,0,7030,485.66,2.66992758259258,3297.76955903272,711.445376955903
316,0,882,115.303,1.19950694004,3320.43424036281,486.192743764172
317,0,5108,347.926,1.88587548781758,2624.46280344558,1108.73727486296
318,0,6336,461.964,2.68034830725571,3260.3244949495,1236.09422348485
319,0,2638,278.069,2.33249378314774,657.120166793025,1169.32373009856
320,0,160,71.197,2.52112014108901,702,1275.86875
323,0,6415,378.994,1.78179667573744,2867.65892439595,870.543569758379
324,0,12044,814.599,4.38436936325287,3262.88002324809,1156.55330454998
325,0,4288,402.594,3.00794544777498,2130.66534514925,568.854710820896
326,0,4980,364.104,2.11841817272841,1555.19759036145,622.036746987952
327,0,1794,192.349,1.64114730106585,807.798216276477,1237.98717948718
329,0,3770,308.371,2.00722401349994,3175.67214854111,666.267374005305
330,0,3600,280.974,1.74509833292214,2322.23944444444,711.409722222222
331,0,2831,241.795,1.64340611484752,2617.51571882727,624.661956905687
333,0,1454,147.962,1.19819117211304,2282.01031636864,154.180192572215
334,0,7839,584.594,3.46927062463456,873.862992728664,1256.49126164052
335,0,3830,353.601,2.59787548145511,3055.8044386423,442.880939947781
336,0,414,80.022,1.23085982876667,2841.17632850242,147.891304347826
337,0,4231,319.684,1.9221572405454,191.968329000236,801.235168990782
339,0,438,79.584,1.15071441266412,595.942922374429,1226.01141552511
340,0,8688,741.3,5.03336383054124,197.687845303867,476.020257826888
341,0,1936,200.387,1.6505317007601,3028.54545454545,600.979855371901
343,0,2877,280.774,2.1805399726877,943.136253041363,809.168230795968
344,0,1806,190.812,1.60429325379697,2077.08471760797,301.458471760797
345,0,5435,419.332,2.57458122893265,357.272861085557,867.914259429623
347,0,709,106.661,1.27689504880309,2179.52045133992,1045.00846262341
348,0,839,115.163,1.25792316435907,2521.05721096543,601.781883194279
349,0,3877,351.467,2.53549900121493,1523.39360330152,483.736136187774
350,0,5624,579.539,4.75236904183085,1980.60330725462,262.370554765292
352,0,2714,233.716,1.60161151417551,2789.4270449521,219.215549005158
353,0,79753,3200.724,10.2220866991243,1373.97783155493,133.02452572317
354,0,3929,445.921,4.02739250735857,1158.14838381268,398.211504199542
355,0,6186,594.346,4.5442153956687,2056.98642095053,633.623019721953
356,0,7433,432.1,1.99891596113376,2534.90380734562,933.376160365936
357,0,5297,368.875,2.04417752025971,1658.19916934114,319.016046818954
358,0,9786,647.246,3.40661986727368,2626.0203351727,327.927651747394
359,0,2819,343.953,3.33959085900248,877.284143313232,10.4976942178077
360,0,4798,401.295,2.67089853298926,1711.62150896207,611.166944560233
361,0,4616,353.742,2.15723565467598,2396.52772963605,669.71273830156
362,0,8860,539.588,2.61505591634961,2584.72550790068,1152.1341986456
363,0,617,98.135,1.24208931430114,849.306320907618,358.087520259319
364,0,283,71.876,1.45268516164477,1929.0777385159,705.420494699647
365,0,832,110.764,1.17344860117216,2880.30649038462,1145.46875
366,0,4514,342.765,2.07119753220805,1933.66659282233,599.543642002658
367,0,2270,233.651,1.91381329383391,3292.54317180617,1162.84052863436
368,0,353,80.924,1.47628468165089,1364.56090651558,541.532577903683
369,0,775,113.194,1.31563448233598,3027.06322580645,1202.61032258065
370,0,200,58.446,1.359157317904,2418.7,766.59
372,0,3080,244.74,1.54756653867131,219.368831168831,945.117857142857
373,0,5450,482.406,3.39796604876998,714.027339449541,1072.92366972477
374,0,5253,438.876,2.91787309326245,3058.43594136684,158.367028364744
375,0,2868,251.884,1.76040321009479,2208.37133891213,293.582635983264
377,0,1691,189.833,1.69585982010675,1211.59077468953,122.636309875813
378,0,3531,356.248,2.8602058339835,1087.227980742,1214.48683092608
379,0,508,104.305,1.70426324750027,1468.20078740157,1147.27755905512
380,0,710,103.212,1.19396659084253,699.142253521127,895.198591549296
381,0,1243,148.765,1.41683912318993,2849.11182622687,1159.5687851971
382,0,3826,350.516,2.55541161397811,1591.33455305802,262.66361735494
384,0,6878,422.466,2.06495927033772,1746.478627508,346.169235242803
385,0,8592,714.726,4.73124055173815,2428.16538640596,90.9175977653631
386,0,2352,262.321,2.32819277447542,1396.35119047619,439.993197278912
387,0,3052,270.7,1.9106543096019,1892.37254259502,1023.61566186107
388,0,1581,182.937,1.68446259526016,291.393421884883,540.148640101202
389,0,1827,188.784,1.55232251366312,2832.02681992337,1055.9978106185
390,0,2450,213.281,1.47750305750764,2358.3787755102,462.265306122449
391,0,4968,417.66,2.79417959682722,1394.75241545894,1202.37157809984
393,0,4077,343.949,2.30907227508478,1939.55212165808,839.979151336767
394,0,6181,482.442,2.99655056652806,1926.28393463841,927.761850833199
395,0,7277,593.597,3.85319648837383,421.01044386423,215.173697952453
396,0,4154,393.279,2.96295569553087,1441.65527202696,509.755897929706
399,0,9182,654.499,3.71253727005824,1106.31746896101,1037.26443040732
401,0,3295,274.72,1.82270033199332,2501.41699544765,1029.00515933232
402,0,5020,449.773,3.20680964365839,1982.50816733068,1047.19860557769
403,0,634,96.72,1.17417668832053,1468.97791798107,999.148264984227
406,0,1227,160.417,1.66896163571826,800.20619396903,977.259983700082
407,0,339,71.587,1.20298098689132,2727.12684365782,1223.40707964602
408,0,4154,425.088,3.46163548606316,2810.46894559461,166.632643235436
410,0,5407,494.612,3.60050206160283,2267.11651562789,326.532272979471
411,0,4953,326.771,1.71557149777009,1745.74964667878,1014.70704623461
412,0,5329,329.078,1.61711950007579,2761.83355226121,835.953462188028
414,0,3052,251.581,1.65029386357246,1591.01802096986,721.497706422018
416,0,1980,206.835,1.71938449883216,978.95101010101,16.8343434343434
417,0,1196,138.502,1.27635371220719,2871.10785953177,375.858695652174
418,0,482,87.607,1.26712866340421,1344.40871369295,199.008298755187
419,0,2612,256.021,1.99695437492456,259.171516079632,427.136294027565
420,0,823,133.233,1.71638185527229,1940.77764277035,1161.81652490887
421,0,214,97.165,3.51071902400313,999.121495327103,3.03738317757009
422,0,4207,370.033,2.58999268437254,914.642025196102,895.929403375327
423,0,2478,229.464,1.69090011528875,463.213882163035,842.570621468927
425,0,7653,474.231,2.338504998658,3039.54370834967,922.890239121913
426,0,4775,334.381,1.86337362732006,3066.07958115183,768.828062827225
427,0,9562,791.415,5.21254660917843,1906.37544446768,154.261242417904
428,0,5710,364.439,1.85098849903469,1049.86164623468,1257.5061295972
429,0,781,119.272,1.44949294394343,639.375160051216,991.035851472471
431,0,3134,240.663,1.47065158754976,2188.31046585833,940.611997447352
433,0,3176,254.4,1.62160044989671,213.183879093199,44.4316750629723
434,0,5649,441.13,2.74126959487948,500.690387679235,120.900690387679
435,0,2845,276.976,2.14581434025447,170.850263620387,243.949384885764
436,0,650,106.049,1.3768604802003,1786.96461538462,631.664615384615
437,0,2738,248.346,1.79254897882227,1727.67896274653,642.531775018262
438,0,7042,526.354,3.13076139971606,1714.42700937234,282.281454132349
439,0,4142,472.671,4.29237796481634,1102.56108160309,13.5919845485273
440,0,4768,389.016,2.52574101773112,228.522651006711,1084.97986577181
441,0,477,91.783,1.40538804424439,2184.07547169811,85.6373165618449
443,0,5614,438.834,2.72972102410412,1309.96063412896,1175.23690773067
444,0,3770,364.185,2.79958007622245,509.645888594164,475.596286472149
445,0,2750,277.932,2.23529345959238,1503.3,1214.15781818182
446,0,2277,221.849,1.72005389991835,2017.76943346509,191.533157663592
448,0,1399,220.552,2.76690610913998,2196.53967119371,105.377412437455
449,0,5805,489.758,3.28814521712407,1709.94177433247,1065.75590008613
451,0,6324,464.579,2.71592282131227,2925.31024667932,172.506799493991
452,0,1537,155.041,1.24454152070558,147.84059856864,1009.58815875081
454,0,681,119.314,1.66351160673439,2758.96916299559,670.923641703377
455,0,2983,231.64,1.43140982932697,1953.93563526651,637.875293328864
456,0,4873,367.503,2.20554286076716,2479.86722758055,52.2891442643136
457,0,3621,276.249,1.67711576102623,2979.7207953604,999.487710577189
459,0,1105,144.918,1.51242038195394,1597.85158371041,462.809954751131
460,0,7777,723.3,5.3532184637869,375.136170759933,178.609746688955
461,0,264,70.909,1.51561512483654,1864.85984848485,312.045454545455
462,0,59498,2356.691,7.42836192319963,753.682275034455,94.9336448283976
463,0,599,100.351,1.33784784304854,2160.17863105175,86.7779632721202
464,0,2879,301.076,2.50553657091075,690.483848558527,371.220910038208
466,0,5007,367.634,2.14804751458818,989.029558617935,59.3485120830837
467,0,2606,207.591,1.3159299353201,2811.26208749041,932.976976208749
469,0,7608,545.748,3.11532914221209,1637.37342271293,1208.64603049422
470,0,3786,341.062,2.44498497848309,1412.81008980454,187.525620707871
471,0,372,73.365,1.15139685762281,1881.78225806452,1002.16666666667
472,0,3373,285.792,1.92696545987472,2300.85117106433,888.620219389268
473,0,1328,167.72,1.68562812293942,2390.45105421687,160.96234939759
475,0,3902,337.253,2.3196075523524,2889.52332137365,249.522039979498
476,0,5215,332.362,1.68561563365509,3006.18255033557,309.567976989453
477,0,4110,450.628,3.93173882215419,1347.48102189781,522.037469586375
478,0,370,73.489,1.1615371040986,901.989189189189,1019.4027027027
479,0,3687,386.45,3.22332147505101,1378.6493083808,466.543260103065
480,0,4031,346.833,2.3747514564413,1175.15653683949,1262.46985859588
483,0,818,118.818,1.37341348744358,1747.62347188264,870.398533007335
485,0,4155,378.48,2.74350008469199,2391.21371841155,922.494103489771
488,0,6363,497.522,3.09565669592753,148.30174446016,628.443344334433
489,0,5752,471.659,3.07770868703753,1326.19923504868,387.787899860918
490,0,4962,410.678,2.70480681951731,924.389560661024,1180.96029826683
492,0,4089,424.226,3.50241488197849,806.94497432135,416.990462215701
494,0,6170,421.053,2.28653842496817,2792.23727714749,709.413128038898
495,0,3710,283.095,1.71901879177227,101.4525606469,434.513746630728
497,0,7619,609.702,3.88264247847351,774.947630922693,1218.68040425253
498,0,453,95.066,1.58760469941464,129.867549668874,69.757174392936
499,0,2188,234.866,2.00624109042965,1176.68418647166,1205.9428702011
500,0,748,108.745,1.25807674106852,1482.68181818182,257.669786096257
501,0,1021,124.723,1.2124322809997,1906.82174338883,845.912830558276
502,0,1639,175.312,1.49222554751486,2269.45515558267,110.674801708359
503,0,4188,321.745,1.96701230227265,2832.88562559694,386.684574976122
504,0,11251,667.946,3.15559833419782,3066.82383788108,365.254288507688
506,0,3904,265.565,1.43754682794236,2187.54969262295,554.183657786885
507,0,833,115.965,1.28469193941863,2949.30492196879,204.663865546218
508,0,3947,456.296,4.1977477054058,1292.24271598683,11.7025589054978
509,0,3187,280.74,1.96796179793987,2380.00094132413,135.224348917477
510,0,4169,314.317,1.88579283903341,716.48141041017,398.931878148237
514,0,6208,441.969,2.50392920208541,2843.60728092783,310.529317010309
518,0,1202,147.864,1.44747332605058,332.345257903494,1076.26788685524
519,0,4504,311.333,1.71254529596654,2341.25777087034,641.241119005329
521,0,3053,260.544,1.76939780592715,2337.96429741238,580.369145103177
522,0,3558,302.399,2.04524289938796,1493.80775716695,1024.95222034851
523,0,2605,236.337,1.70626249661841,2566.67946257198,645.567754318618
524,0,2130,204.803,1.5670511068844,2924.59671361502,78.9525821596244
525,0,1793,167.901,1.25117025757843,3221.52816508645,91.9509202453988
526,0,5774,375.227,1.94044580901059,3383.91115344648,766.911846207135
527,0,440,114.466,2.36968420030309,1296.97272727273,1273.82272727273
529,0,541,96.116,1.35888982995967,209.251386321627,1209.75231053604
530,0,3658,325.366,2.30298320732676,108.185073810826,1149.330781848
532,0,447,84.91,1.28351306752201,3225.19239373602,748.706935123043
534,0,4893,423.017,2.9102517703737,1319.66584917229,1257.80707132638
535,0,455,87.969,1.35343701415607,1256.71208791209,1272.04175824176
537,0,1174,148.483,1.49442975574376,2994.29557069847,522.511073253833
539,0,7126,561.505,3.52088283859241,1570.46674150996,1013.05978108336
540,0,4145,309.422,1.83809510697765,1263.07020506634,679.564053075995
541,0,2526,210.467,1.39548383824882,95.7755344418052,261.596595407759
542,0,4410,289.847,1.51596496939189,969.861451247166,1113.81337868481
545,0,5018,376.661,2.24988742911212,1048.01853328019,776.0472299721
546,0,3398,297.488,2.07255309574039,2451.44408475574,1100.58269570335
547,0,1881,225.769,2.1564031579241,1036.2158426369,365.956937799043
548,0,476,97.969,1.60457689177336,1492.59453781513,835.502100840336
549,0,2215,210.486,1.59170593433351,1149.72911963883,1148.99006772009
550,0,241,70.685,1.64978601591488,981.311203319502,558.352697095436
551,0,460,82.727,1.18393226185628,1798.09130434783,795.563043478261
553,0,4803,415.684,2.86288673536215,1750.3320841141,69.6672912762857
554,0,318,77.897,1.5184639317929,2034.58490566038,249.581761006289
555,0,5335,384.169,2.20140701710934,102.497282099344,871.281911902531
556,0,773,114.179,1.34209454815218,3115.19922380336,635.11254851229
557,0,3808,256.004,1.36957777079049,3099.98765756303,1183.20955882353
558,0,5443,409.078,2.44660607437471,1156.96380672423,907.724232959765
559,0,843,114.327,1.23384378092428,1527.72835112693,967.326215895611
560,0,1494,179.992,1.72562309241205,368.214859437751,843.973226238286
561,0,5499,405.739,2.38231905945537,3172.43917075832,327.959629023459
562,0,892,116.048,1.20143589147074,3093.88452914798,184.153587443946
564,0,6643,428.784,2.20243462590811,1880.4687641126,332.746951678459
565,0,6969,405.72,1.87963059329759,1866.37494619027,1209.86841727651
566,0,5486,414.398,2.49097652146595,1366.69923441487,930.946409041196
567,0,8588,591.774,3.24496383258405,3310.37843502562,471.32708430368
570,0,26,33.808,3.4982895070201,1346.5,1277.69230769231
571,0,3584,286.943,1.82815663967671,2117.98660714286,954.063895089286
572,0,683,107.033,1.33476505782354,2003.19765739385,285.024890190337
573,0,616,94.231,1.14708875868141,354.853896103896,960.233766233766
574,0,6822,489.996,2.80068000231117,293.808707124011,754.084139548519
575,0,4344,312.177,1.7852626739937,2858.20050644567,919.628222836096
577,0,3766,322.134,2.19271885452672,673.800318640467,817.954062665959
579,0,701,104.32,1.2353990834239,1093.18402282454,1125.15834522111
581,0,1697,175.114,1.43797067849037,495.347083087802,25.1538008249853
582,0,2249,185.335,1.21538973847929,3419.70075589151,617.362827923522
583,0,5372,320.188,1.51867287048913,2231.35089352197,734.447133283693
585,0,3845,352.079,2.56551191462408,1421.54512353706,854.883745123537
586,0,10768,524.936,2.03642211317917,1275.79114041605,933.294762258544
588,0,2295,225.18,1.7581951418383,2136.41873638344,113.235294117647
589,0,9151,759.848,5.0208243715956,1869.97716096601,670.783848759698
590,0,1667,209.821,2.10161152405953,1438.73725254949,9.98500299940012
592,0,3801,483.717,4.89863372188436,1596.64298868719,874.3651670613
593,0,3451,308.842,2.19946922185424,2484.66705302811,385.964937699218
594,0,2017,216.225,1.84457385785399,1171.06296479921,1111.22905304908
595,0,10064,627.684,3.11531255011112,2758.44614467409,412.430047694754
598,0,6121,422.51,2.32082151082195,2100.87404018951,766.83581114197
600,0,2991,356.785,3.38677930854934,783.89100635239,374.815780675359
603,0,4377,364.825,2.41981838286017,1998.77084761252,718.464473383596
604,0,7245,669.002,4.915940054135,1543.71152518979,1265.02732919255
605,0,3695,360.43,2.79780574057373,1114.32286874154,216.614614343708
606,0,3837,390.773,3.16699541638768,1557.79072191817,178.348449309356
607,0,8473,557.288,2.91683802307135,198.523545379441,649.517054172076
608,0,3093,302.764,2.35840661675983,135.074038150663,326.602327837051
609,0,2089,230.648,2.02652087716499,1468.36524652944,638.268549545237
610,0,2849,246.14,1.6922404787761,377.178659178659,1048.25377325377
612,0,1755,214.421,2.08471959928876,1074.83361823362,557.497435897436
613,0,1308,155.868,1.47807447669105,41.6704892966361,344.720183486239
614,0,5869,441.887,2.64757625054346,2678.38592605214,980.579996592264
615,0,3562,296.916,1.96953373149211,2189.8121841662,153.030600786075
616,0,4024,391.021,3.02365563711417,432.853628230616,1240.6550695825
617,0,2648,298.512,2.67790856061942,1014.78851963746,1225.98640483384
618,0,2275,220.31,1.69776335707154,1871.24615384615,947.227252747253
619,0,5230,410.648,2.56582995545948,2010.84990439771,462.196367112811
620,0,605,116.023,1.77061012331723,229.500826446281,910.819834710744
622,0,6382,383.434,1.83321995698031,3274.42463177687,776.619554998433
623,0,1008,121.282,1.16124084741195,3352.99900793651,808.102182539683
624,0,454,84.612,1.25486846213035,406.649779735683,1217.10352422907
625,0,92,44.245,1.69328751996973,1495.1847826087,3.09782608695652
627,0,221,67.361,1.63386027599091,1872.66515837104,740.823529411765
628,0,3728,333.158,2.36927092462619,1207.95895922747,481.038894849785
629,0,364,77.698,1.31980093634557,2422.75,787.876373626374
630,0,325,68.899,1.16233847077427,3191.31692307692,871.790769230769
631,0,2322,288.639,2.85520925734149,1795.58699397071,755.185615848407
634,0,403,85.225,1.43423101443077,1120.90818858561,1162.16873449132
636,0,6570,472.775,2.70728372835529,1428.36423135464,676.278234398782
637,0,970,127.849,1.34095150671614,968.851546391753,384.549484536083
638,0,507,119.363,2.23625656110997,2055.51282051282,875.556213017751
639,0,5169,389.328,2.33353802100329,3055.36428709615,101.976978138905
640,0,3272,272.635,1.80775702452695,1015.28331295844,821.664731051345
641,0,2437,226.743,1.67881323228499,3045.69224456299,1168.76159212146
642,0,6698,446.424,2.36777298783394,1261.81427291729,826.124664078829
643,0,2224,188.941,1.27734370563469,3212.60926258993,838.595323741007
644,0,15528,962.969,4.75224942259478,446.077215352911,805.793212261721
645,0,280,68.725,1.34233712511205,1642.50714285714,453.242857142857
646,0,401,78.865,1.23428195199402,1538.25187032419,650.117206982544
647,0,2542,283.88,2.52280790340872,1565.42486231314,13.0696302124312
648,0,3313,400.741,3.85741402564495,1416.44551765771,349.150618774525
649,0,1937,192.29,1.51905645367399,1027.32576148684,1025.99122354156
651,0,5079,409.675,2.62960700454366,2415.29277416814,315.045284504824
652,0,3565,298.474,1.988582501076,335.737166900421,631.466479663394
653,0,4315,318.998,1.8766585264083,2480.4472769409,635.831286210892
656,0,116508,4393.583,13.1847548492346,981.130943797851,259.79616850345
658,0,3865,360.299,2.67280177612801,1243.31254851229,202.242432082794
659,0,182,66.872,1.95527286140163,1202.95604395604,667.758241758242
662,0,1519,196.112,2.01484062833422,858.790651744569,170.544437129691
663,0,6590,528.63,3.37449145857876,460.065402124431,757.436874051593
664,0,5207,395.654,2.39239937218422,969.191665066257,582.781063952372
670,0,125,46.52,1.37771547022632,2848.248,756.896
671,0,5266,395.648,2.36552330271343,1013.0565894417,699.115457652867
672,0,764,165.642,2.85783867137321,1754.84685863874,6.96204188481675
673,0,289,70.685,1.3757731136176,2373.88235294118,47.2145328719723
674,0,2508,216.563,1.48809659105217,2403.23644338118,612.368022328549
675,0,3744,298.058,1.88823421071083,1056.56063034188,1131.59989316239
678,0,2769,248.065,1.76847191183078,2715.30155290719,694.604911520404
679,0,3272,275.785,1.8497716676741,1002.39486552567,1183.82701711491
680,0,552,95.57,1.31672241954911,1122.97463768116,1088.25724637681
681,0,914,168.572,2.47408615623593,1317.4124726477,498.063457330416
683,0,66,33.395,1.34464950411724,785.636363636364,153.227272727273
684,0,1885,210.22,1.86563570562162,2797.34535809019,103.850928381963
685,0,4153,368.507,2.60207427272098,690.433421622923,333.687214062124
686,0,2162,216.366,1.72310792114181,1435.35013876041,891.223866790009
687,0,708,105.859,1.25954141608832,2402.91525423729,887.423728813559
690,0,714,109.737,1.34214083682976,2576.25350140056,138.058823529412
691,0,1216,154.198,1.55601594363787,3067.95805921053,494.509868421053
693,0,3421,362.551,3.05756202991117,1653.50073078047,639.866705641625
694,0,5171,389.03,2.32906594113517,2668.78824211951,51.3175401276349
695,0,127231,4596.297,13.2133629038956,1285.80988909935,596.842695569476
696,0,1476,165.222,1.47176858421408,1200.00474254743,1236.09823848238
697,0,959,133.175,1.47169203601335,3017.43899895725,1164.88321167883
698,0,711,110.647,1.37025003495303,2442.15189873418,513.090014064698
700,0,128,42.418,1.1186147506415,2195.7109375,1010.8828125
701,0,570,103.138,1.48508971836041,3236.63684210526,1133.55438596491
702,0,2571,212.786,1.40143887603344,2520.02917152859,464.758459743291
703,0,4718,509.213,4.37352047846782,3371.19605765155,105.283382789318
704,0,1584,177.751,1.58730017484653,1646.87121212121,15.4558080808081
705,0,3646,310.143,2.09941085613619,2400.09352715304,1034.65222161273
706,0,1421,200.923,2.26076471406645,1727.039408867,1264.77691766362
707,0,3494,291.532,1.93570735127838,1406.13136805953,1160.87263880939
708,0,3908,357.588,2.60376301267321,1124.417604913,588.578045035824
709,0,588,96.802,1.26818166614625,409.904761904762,841.391156462585
711,0,6543,455.376,2.52204883460318,2034.19425340058,998.546843955372
713,0,3224,289.143,2.06357600018671,2956.75682382134,753.981079404467
714,0,575,92.866,1.19353668068377,486.907826086957,967.671304347826
715,0,4436,361.449,2.34364945396937,2752.42899008115,576.116321009919
716,0,6156,488.346,3.08281025087166,839.730506822612,584.97547108512
717,0,1669,172.592,1.42028376283984,1043.97363690833,565.413421210306
718,0,8087,522.354,2.68492737142086,2853.82354395944,472.526276740448
720,0,1455,214.514,2.51674042480291,300.029553264605,452.441237113402
721,0,920,134.672,1.5687615209864,625.767391304348,343.920652173913
723,0,3942,400.614,3.23985639314142,918.943683409437,366.187468290208
725,0,2018,223.76,1.9743942647231,3125.85976214073,401.399405351833
728,0,5545,385.195,2.12936380580416,114.319386834986,924.237150586114
729,0,1442,151.99,1.27483772194301,2631.04160887656,486.576976421637
730,0,17406,1055.421,5.09263580578927,214.114673101229,1015.65385499253
731,0,7918,532.058,2.84506762559269,2579.28113159889,280.865496337459
733,0,1264,145.538,1.33350874176094,1698.97943037975,13.5055379746835
734,0,1611,203.273,2.04105162232001,2486.78895096214,1261.6679081316
739,0,3851,343.758,2.44186834654214,2329.93560114256,81.2202025447936
740,0,1574,171.507,1.48713059522603,2008.26048284625,868.567344345616
741,0,5649,394.743,2.19506525755371,3098.21596742786,1012.82899628253
742,0,680,119.173,1.66202276330845,130.145588235294,1033.50735294118
744,0,773,113.542,1.32716133869491,3362.57567917206,62.261319534282
745,0,7932,448.238,2.01569479241004,3304.39435199193,866.229702471004
746,0,413,83.876,1.35554989085754,2191.84745762712,1199.13559322034
747,0,3037,278.036,2.02557070686858,1438.1886730326,926.916694106026
748,0,4664,342.171,1.997643526631,779.763507718696,687.104631217839
749,0,5443,395.093,2.28218303197805,891.257762263458,330.580378467757
751,0,5575,486.156,3.3736231205434,531.648071748879,706.527713004484
752,0,4564,359.487,2.2532577826004,1376.15863277826,1234.99846625767
753,0,5533,390.348,2.19145916648567,753.967287185975,844.441351888668
754,0,3242,304.138,2.27048426713025,2889.07248611968,746.071869216533
758,0,3791,357.313,2.67999501442385,1381.75046161963,272.189132155104
759,0,4435,333.414,1.99463839916199,3374.11882750846,1136.58737316798
760,0,4100,346.701,2.33300928850511,2635.19,111.381463414634
761,0,560,91.071,1.17858882698097,2535.15178571429,1001.82678571429
762,0,435,84.869,1.31764691323479,704.411494252874,214.271264367816
763,0,2817,248.543,1.74504391713042,1788.20127795527,1261.037628683
764,0,461,88.946,1.36565831997149,1029.01735357918,878.227765726681
765,0,84,37.53,1.334344527288,1281.72619047619,883.892857142857
767,0,2996,300.31,2.39545443799661,2066.24265687583,793.246662216288
769,0,3830,362.407,2.72888049545202,1912.57467362924,233.308877284595
770,0,2205,235.071,1.9942502346941,1130.12380952381,61.0113378684807
771,0,3983,374.65,2.8043441120031,3020.98970625157,504.45568666834
774,0,2184,224.224,1.83189970860497,1951.12362637363,981.800824175824
776,0,4838,342.187,1.92597783378986,2472.8918974783,151.738114923522
777,0,249,90.748,2.63187290845286,1898.54618473896,3.71084337349398
779,0,3535,369.67,3.07630316890392,1857.37454031117,46.8732673267327
780,0,998,145.422,1.68624168506592,1826.07715430862,8.94889779559118
783,0,3616,340.468,2.55102264232092,2181.44441371681,458.38357300885
785,0,593,96.587,1.25190910126536,1661.36930860034,588.204047217538
786,0,5683,468.135,3.06870191579863,2274.79869787084,1029.64156255499
790,0,1737,168.513,1.3009396136165,89.4674726540012,628.633275762809
791,0,4340,313.812,1.8056746457442,2813.79493087558,1234.37258064516
793,0,4468,432.738,3.33523960016118,637.618621307073,416.140107430618
794,0,4137,372.282,2.66592969322779,2101.43388929176,1043.30722745951
795,0,4140,337.796,2.19330384525489,1889.80748792271,478.41231884058
796,0,812,119.786,1.40619721139524,2933.32266009852,722.911330049261
797,0,1192,137.368,1.25975192597007,1641.98573825503,998.989093959732
798,0,2277,229.49,1.84057974003351,1861.66447079491,1262.07817303469
799,0,1192,144.72,1.39820544248137,1958.60989932886,1180.04026845638
801,0,24683,1341.676,5.80346667651845,2103.18737592675,61.9469675485152
802,0,6626,459.039,2.53068373625799,3215.44763054633,570.546332629037
803,0,4011,324.557,2.08987078437005,1538.2944402892,702.556968337073
804,0,455,82.33,1.18548201631136,1494.68791208791,377.512087912088
805,0,3045,281.121,2.06532982694693,1743.7855500821,476.394745484401
806,0,972,127.915,1.33957434462469,2030.75205761317,435.507201646091
807,0,737,112.789,1.37358690058436,786.485753052917,211.261872455902
808,0,4391,307.518,1.71383016220898,448.574812115691,620.385105898429
809,0,99,35.388,1.00662329981667,2919.21212121212,201.252525252525
812,0,2210,201.23,1.45808659302951,1190.19954751131,936.606787330317
813,0,615,106.289,1.4618124702552,1593.41300813008,275.606504065041
814,0,481,99.45,1.63626874381406,2749.89189189189,87.1787941787942
815,0,7084,683.941,5.25471131390834,542.137210615472,964.262563523433
816,0,6656,499.03,2.97735165467703,869.595703125,44.5003004807692
819,0,7467,458.921,2.24450122700192,3355.01499933039,362.15829650462
820,0,5966,389.958,2.02834840840521,2054.58900435803,958.28846798525
821,0,1583,173.029,1.50503644546608,2475.34428300695,816.275426405559
824,0,4928,365.816,2.16095055643187,1955.99330357143,32.3770292207792
825,0,993,121.175,1.17670322646954,3385.78751258812,830.363544813696
826,0,351,72.398,1.18832752687532,800.504273504274,523.595441595442
827,0,948,173.824,2.53630383179285,3196.16983122363,385.055907172996
828,0,4036,379.52,2.83993443118541,3403.9539147671,62.0458374628345
829,0,5905,438.998,2.59713973854104,1967.64792548688,1242.92125317528
833,0,5132,404.099,2.53208942651717,3116.56761496493,44.9382307092751
834,0,3896,283.9,1.64627344466141,3024.89630390144,48.8275154004107
836,0,7557,459.005,2.2185823137959,2753.42940320233,909.032023289665
837,0,3424,278.35,1.80068949625004,159.271028037383,56.5955023364486
838,0,570,112.16,1.75626999444885,1951.5298245614,8.67894736842105
839,0,4780,432.749,3.11770044758544,288.356066945607,487.99309623431
840,0,3858,311.954,2.00728495770125,2930.25712804562,1091.21643338517
842,0,5132,413.759,2.65459575404059,1695.18550272798,856.417186282151
843,0,2603,219.301,1.47027032551186,2857.14675374568,90.9500576258164
844,0,3287,309.182,2.31429563501442,375.864009735321,1143.69790082142
846,0,1969,211.171,1.80224144597444,261.826815642458,787.865921787709
847,0,2990,272,1.9690500517911,2949.96655518395,453.495317725752
848,0,58414,2438.271,8.09910699456281,717.910227000377,541.097100010272
850,0,753,119.141,1.50009112540772,3106.0438247012,77.6839309428951
851,0,3346,316.962,2.38934353635568,2022.03974895397,1259.7184698147
852,0,2432,269.732,2.38062785344974,2704.46916118421,1245.32730263158
854,0,3507,305.435,2.11685920464316,762.620758483034,52.9894496720844
856,0,79,40.598,1.66024554347353,1971.32911392405,2.82278481012658
857,0,13037,863.823,4.55472328335577,2849.89253662652,515.893303674158
858,0,8000,501.349,2.50023283884559,3117.997,214.600625
861,0,563,99.433,1.39747107187907,2897.26998223801,195.404973357016
862,0,4405,326.907,1.93060160777022,3216.14665153235,620.494665153235
863,0,2546,277.3,2.40342998899937,2395.86095836606,710.786331500393
866,0,930,189.65,3.07760501863803,2008.28817204301,7.28709677419355
869,0,3612,298.008,1.95658283877177,1929.01301218162,752.303156146179
870,0,2471,218.721,1.54063002065047,2445.39255362202,1177.11088628086
874,0,221,76.201,2.09083231479409,2030.71040723982,1275
875,0,8251,570.804,3.14237176981571,3221.18215973821,392.069930917465
877,0,699,108.464,1.33931950405074,1716.48927038627,814.349070100143
878,0,5227,441.949,2.973595884323,2665.04323703845,86.0885785345322
879,0,4937,363.401,2.12862542338592,195.011140368645,756.390925663358
883,0,2624,316.185,3.0318578201998,245.762957317073,230.030868902439
884,0,974,151.279,1.86977121325116,1769.08110882957,491.828542094456
885,0,64620,2724.744,9.14270258240894,1866.55947075209,403.194274218508
886,0,4505,346.736,2.12370021122768,750.62641509434,1176.16137624861
887,0,5194,346.661,1.84118810994954,2064.29072006161,31.164035425491
888,0,551,98.466,1.40026788637716,2461.8221415608,908.878402903811
890,0,629,95.678,1.15814694924826,1846.79650238474,1072.05564387917
891,0,7740,657.132,4.43970800454513,2472.98333333333,972.100258397933
892,0,1358,157.258,1.44915841182309,261.559646539028,881.836524300442
894,0,5712,454.77,2.88128058327267,2268.31232492997,616.383753501401
895,0,1039,144.456,1.59825384714252,2649.25601539942,413.119345524543
896,0,1742,199.593,1.81983744626797,1827.5579793341,303.732491389208
898,0,1664,191.778,1.75887260376897,1459.22355769231,1173.6171875
899,0,4550,319.338,1.78352803901316,1590.47494505495,949.415604395604
901,0,4127,355.121,2.43169094190752,944.556094015023,160.280348921735
902,0,5455,318.762,1.4822739189705,3053.84179651696,824.79945004583
904,0,2716,324.396,3.08326853749876,2119.82106038292,1267.54786450663
905,0,489,87.267,1.23931403947388,1117.0408997955,561.296523517382
906,0,3215,267.046,1.76514876467684,2089.0401244168,449.541835147745
909,0,3105,264.533,1.79344575661933,1212.25024154589,692.356843800322
911,0,7855,534.208,2.89111070360727,3369.70770210057,218.755315085933
913,0,1557,185.666,1.76183926863416,564.394348105331,723.131021194605
914,0,524,99.946,1.51701433361582,1127.69465648855,847.931297709924
915,0,2630,276.077,2.30618870918233,211.794296577947,206.728897338403
916,0,58874,2393.582,7.7439619957688,2544.37418894588,1192.29576723172
917,0,4201,387.609,2.84593619714115,859.780052368484,1050.93096881695
919,0,6868,491.393,2.79780718167055,1162.73878858474,1024.17545136867
921,0,968,189.592,2.95498169256658,2144.9576446281,6.33987603305785
922,0,5359,474.597,3.3446937314183,1544.22224295578,859.281209180817
923,0,849,117.388,1.29160540129559,3002.09422850412,878.060070671378
924,0,2983,268.979,1.93007254017984,2163.04693261817,24.0281595709018
925,0,465,87.92,1.32285590999628,374.301075268817,195.905376344086
927,0,7312,444.293,2.14828994080758,3237.29403719912,875.865289934354
929,0,6517,477.586,2.78513075923988,1423.77612398343,1052.58539205156
930,0,705,116.858,1.54140909555757,1461.02836879433,946.299290780142
932,0,34,35.768,2.99433600637274,2196.55882352941,1.44117647058824
933,0,641,103.179,1.32164475048129,2551.20280811232,740.113884555382
934,0,3480,295.413,1.99558439000789,2372.07614942529,798.06091954023
935,0,3197,238.637,1.41749997892465,2623.28995933688,1245.3803565843
936,0,2416,260.968,2.2431985755729,779.012003311258,990.746688741722
937,0,2499,243.25,1.88421118595497,1429.36574629852,829.955582232893
938,0,2745,227.597,1.5016919534248,1619.04699453552,975.591621129326
940,0,83246,3014.854,8.68879062736511,1864.95926531004,1107.81095788386
942,0,5761,411.36,2.33741797424635,2694.3808366603,460.528206908523
943,0,3667,331.651,2.38694190110444,1564.84128715571,307.478592855195
946,0,3675,300.952,1.96122427544574,1887.79700680272,776.852244897959
948,0,5333,387.657,2.24240376189324,1270.6660416276,344.947684230264
950,0,2708,289.97,2.47085700909491,1429.16543574594,621.915435745938
952,0,5989,381.441,1.93326134514623,595.555518450493,1178.47386875939
958,0,6879,433.641,2.17533176209758,2991.11280709405,1238.07820904201
959,0,662,144.159,2.49813364554662,1692.59818731118,834.154078549849
960,0,196,58.503,1.38960170615729,1510.14795918367,254.790816326531
961,0,5981,379.446,1.91565056281799,2251.97124226718,882.171543220197
962,0,1752,256.448,2.98713373793687,2239.27511415525,1270.78196347032
964,0,877,129.966,1.5326749102276,1473.09806157355,158.470923603193
966,0,2960,292.378,2.29819992913508,180.571621621622,527.709459459459
967,0,454,84.696,1.25736128286693,693.079295154185,309.425110132159
968,0,132,58.61,2.07090247685092,2341.76515151515,3.65151515151515
969,0,1409,160.797,1.46027626561069,742.413058907026,213.22143364088
971,0,5415,334.077,1.64015476166593,1147.34884579871,711.501015697138
973,0,758,132.644,1.8471244211889,2238.48944591029,7.93403693931398
974,0,2143,202.331,1.52017232167672,2991.70135324312,803.455902939804
976,0,8004,568.452,3.21270355341145,2643.92028985507,730.150674662669
978,0,2436,234.844,1.80165565784424,2479.77668308703,304.664203612479
979,0,3889,270.378,1.49587359206454,3410.65286706094,500.8074055027
981,0,2568,220.757,1.51016389752215,798.06191588785,837.227803738318
985,0,591,107.107,1.54467943782654,588.906937394247,115.307952622673
986,0,5929,543.872,3.9701058603848,1715.94872659808,159.928824422331
987,0,6933,500.99,2.88089248192662,1675.46199336507,1236.66983989615
988,0,3815,268.168,1.50006300248191,1863.38374836173,825.215203145478
989,0,3399,281.543,1.85578832973206,2228.29773462783,580.673433362754
990,0,8130,635.639,3.95476481706657,2987.5209102091,704.420172201722
992,0,4135,341.741,2.24754706009369,2297.9322853688,429.903022974607
993,0,5338,400.336,2.38924594523818,3082.28400149869,637.699887598351
995,0,1809,197.84,1.72178839307543,3182.64179104478,427.233830845771
997,0,738,120.067,1.55446551927829,511.680216802168,851.482384823848
999,0,792,118.777,1.41752151154724,2641.8648989899,359.530303030303
1000,0,9145,664.552,3.84294673431138,2557.18206670312,777.806779661017
1001,0,3601,263.415,1.53337372975714,2200.86809219661,980.18744793113
1002,0,370,74.374,1.18968145234873,3303.74054054054,1029.27297297297
1003,0,102,39.242,1.20141273479737,646.088235294118,1236.83333333333
1005,0,1800,215.445,2.05206196095586,615.804444444444,952.178333333333
1008,0,5341,361.498,1.94706009403293,2957.57386257255,324.796292829058
1009,0,2752,302.249,2.64162673770714,1063.57013081395,402.231104651163
1010,0,6433,424.172,2.22566900832489,2919.98756412249,815.129488574538
1011,0,1773,188.163,1.58909498741676,2414.10152284264,56.2848279751833
1012,0,704,111.665,1.40945630708708,2944.859375,23.2528409090909
1013,0,1414,159.084,1.42427460613273,2332.756718529,1266.2729844413
1014,0,3454,237.19,1.29616578433656,1523.01215981471,753.129994209612
1015,0,324,96.661,2.29481507069364,2424.11728395062,5.85185185185185
1016,0,2104,201.263,1.53204769010391,932.788022813688,1028.47766159696
1017,0,5044,323.101,1.64699265511409,2374.12846946868,860.625297383029
1018,0,509,91.345,1.30449348333775,2093.85068762279,830.257367387033
1019,0,4268,326.597,1.98879540334551,79.470946579194,775.472118088097
1021,0,3987,296.784,1.75802427701374,2462.60321043391,587.804113368447
1022,0,92,37.919,1.2437012185359,1139.64130434783,953.771739130435
1025,0,4722,356.992,2.14773710919843,3031.67662007624,216.63680643795
1027,0,1166,139.063,1.31982020876406,2012.95454545455,675.937392795883
1028,0,1759,206.688,1.93265716987894,367.570210346788,128.743604320637
1030,0,3364,314.11,2.33398292484128,1296.59066587396,295.640309155767
1032,0,672,110.978,1.45846043015192,2955.04761904762,824.877976190476
1033,0,1900,234.119,2.2956720986378,2405.79947368421,1268.81
1037,0,5663,432.391,2.62722256673528,1206.29083524634,997.586261698746
1040,0,2808,226.942,1.45956280805164,2556.28561253561,1253.23753561254
1042,0,3407,317.723,2.35784532321545,1131.46257704726,31.2424420311124
1043,0,3808,366.039,2.79993478915546,834.46481092437,723.773109243697
1045,0,4546,334.868,1.96294441249853,3141.4304883414,481.823801143863
1047,0,343,81.718,1.54928556294385,2664.18075801749,182.36443148688
1048,0,4075,317.023,1.9626554549613,3285.8336196319,614.898895705521
1049,0,8421,594.834,3.34362864542949,1886.38902743142,877.657166607291
1050,0,3553,300.937,2.02836497613046,3280.17844075429,172.096256684492
1052,0,3458,303.179,2.11525816123544,1594.02834008097,759.466743782533
1053,0,3535,329.583,2.44528972483219,2444.98698727016,21.2792079207921
1054,0,3576,373.523,3.10475491963249,2523.56180089485,244.761465324385
1055,0,665,106.635,1.36071770997857,658.989473684211,1055.58646616541
1057,0,4286,341.874,2.1700518759833,1212.33224451703,1181.27344843677
1058,0,5829,396.689,2.14830726133799,1853.81351861383,703.859495625322
1060,0,4500,399.391,2.82081218155259,2152.55288888889,1162.36577777778
1061,0,4286,301.474,1.68747635348416,2775.6574895007,625.507232851143
1062,0,425,81.52,1.24431274062188,1877.28941176471,303.529411764706
1063,0,2299,215.282,1.60422988896474,2964.13484123532,938.728142670726
1065,0,7867,564.307,3.22115676230626,258.570738528028,342.077157747553
1066,0,1187,166.404,1.8563802538671,1165.12131423757,199.159224936815
1067,0,231,72.198,1.79567811739439,2448.97835497836,5.11255411255411
1068,0,524,89.773,1.22391237515714,198.049618320611,832.167938931298
1070,0,2144,227.059,1.91356313920389,2233.3036380597,134.660447761194
1071,0,384,162.07,5.44332388082324,2491.21354166667,1275.16927083333
1073,0,4015,307.949,1.8795859182739,2685.45853051059,667.524283935243
1074,0,3784,357.421,2.68657605336469,885.713794926004,992.160412262156
1075,0,1281,149.823,1.39443406645382,3059.25292740047,470.690866510539
1077,0,5449,505.563,3.73270692645294,538.302257294916,877.070471646174
1079,0,4689,328.568,1.83214748878635,3236.55193004905,204.436980166347
1080,0,484,84.878,1.18449995783202,2711.94834710744,303.712809917355
1081,0,5571,414.089,2.44931343860269,3316.22078621432,512.477831628074
1082,0,3304,289.598,2.01995276446315,2766.92433414044,790.652542372881
1085,0,210,58.735,1.30726847259115,214.809523809524,76.6904761904762
1087,0,688,114.741,1.52278629266211,2160.9375,1201.44186046512
1089,0,659,105.693,1.34895409746478,1409.47344461305,419.251896813354
1090,0,1522,170.781,1.52494643142334,1495.55847568988,907.843626806833
1092,0,2309,251.497,2.1798761554369,1066.82806409701,62.3538328280641
1093,0,2048,201.743,1.58145607190312,2991.8837890625,1031.46240234375
1094,0,967,112.532,1.04211521565239,2124.31230610134,743.749741468459
1096,0,3320,276.589,1.83367287462316,1820.70240963855,1181.01596385542
1097,0,463,200.426,6.90426199652389,2587.16630669546,1275.43628509719
1098,0,6469,441.952,2.40272015816608,2551.43561601484,48.2717576132323
1099,0,1350,171.077,1.72520067438931,213.212592592593,405.577777777778
1100,0,2591,266.575,2.18253671769684,2126.16441528367,264.740254727904
1102,0,2554,308.478,2.9649517894501,877.758809710258,434.362960062647
1103,0,4755,398.947,2.66360622955583,2278.84458464774,711.550157728707
1104,0,1529,178.752,1.66297021183962,581.601046435579,993.798561151079
1106,0,623,108.348,1.4994910828944,2338.39004815409,829.163723916533
1107,0,2465,221.326,1.58138670262921,1014.50872210953,1114.47626774848
1108,0,1738,222.566,2.26807809994266,445.296892980437,135.262370540852
1109,0,3358,275.835,1.80305173402989,1377.57980941036,803.642048838594
1110,0,4386,411.415,3.07101368880792,742.960100319197,452.441860465116
1111,0,1038,143.869,1.58681841691645,773.515414258189,326.148362235067
1112,0,800,134.45,1.79813279573183,1194.2725,727.34375
1114,0,517,104.105,1.66817946143357,3283.39458413927,227.682785299807
1115,0,2722,267.936,2.09876664830329,636.188831741367,135.681116825863
1116,0,668,131.488,2.05961436721463,1333.77694610778,1056.48502994012
1118,0,3085,290.383,2.17509055743376,291.199351701783,1142.02171799028
1121,0,450,86.349,1.31853677473645,306.922222222222,523.966666666667
1122,0,5370,413.841,2.53794893698386,2821.71731843575,738.945996275605
1123,0,82,35.661,1.23413684537393,713.914634146341,970.243902439024
1124,0,3541,349.921,2.75171988897066,975.474442247953,1016.71138096583
1126,0,715,113.228,1.42689418025078,1639.36923076923,755.907692307692
1128,0,23752,1118.56,4.19187690412863,1300.77315594476,764.819509936005
1129,0,828,113.037,1.22800757237782,2398.1654589372,1183.03985507246
1130,0,3357,234.029,1.29830924168555,271.04200178731,34.9746797736074
1131,0,150,45.312,1.08924441113963,2296.43333333333,95.28
1132,0,2186,225.37,1.84897989029362,631.77538883806,215.562671546203
1133,0,1999,189.165,1.42448838143561,387.138569284642,1011.74987493747
1134,0,518,86.986,1.16240935715787,467.366795366795,380.637065637066
1135,0,2123,244.317,2.23741999960356,2951.49411210551,1151.95101271785
1136,0,607,128.145,2.1528054080213,2601.00494233937,7.20428336079077
1137,0,3729,301.981,1.94606342519191,932.622687047466,1137.44676857066
1139,0,361,94.561,1.97109268712029,3060.37673130194,710.360110803324
1140,0,7803,430.041,1.88602851778318,1255.3403819044,49.5419710367807
1141,0,234,67.717,1.55944369223812,306.047008547009,798.542735042735
1142,0,820,116.287,1.31231658317615,2418.66829268293,935.058536585366
1143,0,3151,248.51,1.55965833870663,557.408441764519,837.380196762932
1144,0,5335,534.277,4.25783345134552,423.017432052484,461.484161199625
1146,0,4661,350.806,2.10109194812596,3380.13022956447,588.681184295216
1148,0,2441,282.677,2.60497346443603,1765.53011061041,1201.62351495289
1150,0,1305,143.124,1.24912113002084,2453.34022988506,931.305747126437
1151,0,741,134.531,1.94364376200169,2655.21322537112,1269.8286099865
1153,0,3790,406.247,3.46522357010368,1943.02058047493,290.599208443272
1154,0,2809,276.456,2.16516220150338,630.01957992168,448.269490922036
1155,0,2498,223.643,1.59333949234166,813.047638110488,1153.95076060849
1157,0,969,130.752,1.40398685009458,2456.85655314757,417.968008255934
1160,0,2587,235.883,1.71153975967161,2530.62543486664,726.570931580982
1161,0,483,85.448,1.20294787509164,2221.50103519669,105.948240165631
1162,0,1949,287.513,3.37515148153829,117.76808619805,1179.37301180092
1163,0,10677,809.974,4.88970940638654,3116.98763697668,1045.68249508289
1164,0,947,133.2,1.49090031548192,2016.6747624076,1028.67581837381
1165,0,4570,405.695,2.86598060084006,950.060175054705,927.176148796499
1166,0,563,94.958,1.27451472975826,2638.59502664298,11.303730017762
1168,0,9587,783.965,5.10153366396057,3258.67080421404,140.468551163033
1170,0,4035,361.241,2.57359775228811,1823.07657992565,473.178190830235
1174,0,4897,395.704,2.54449096271179,418.906269144374,1095.99938738003
1175,0,4715,310.092,1.62289178962593,2909.48080593849,352.878897136797
1176,0,5281,375.237,2.121706362716,2060.44593826927,593.744366597235
1177,0,299,66.021,1.16006719029745,923.488294314381,818.28093645485
1178,0,17664,1180.194,6.27491554150407,347.517832880435,1195.93551856884
1179,0,8309,579.394,3.21506208597559,2483.20592129017,500.618726681911
1180,0,3177,248.759,1.54999581563721,3274.28234183192,99.6263770853006
1181,0,467,103.692,1.83216152064478,2905.10706638116,1144.83940042827
1184,0,372,77.02,1.26897838505181,713.784946236559,1197.09139784946
1185,0,715,125.078,1.74118914370617,2697.54265734266,1270.6951048951
1186,0,16284,751.02,2.75633530265673,2818.20449521002,37.4227462539916
1188,0,788,119.587,1.44421503138548,1357.48984771574,1171.8616751269
1189,0,2237,252.456,2.26722982248349,2150.45775592311,1009.13902548055
1191,0,1149,153.537,1.63266171311954,1991.70757180157,1158.44821583986
1192,0,326,81.023,1.60246729622216,1416.96625766871,331.819018404908
1193,0,1841,180.745,1.41211131094159,1613.98424769147,165.200977729495
1194,0,149,50.432,1.3583642731658,695.530201342282,145.255033557047
1195,0,863,121.109,1.35248412619768,1461.50637311703,451.169177288528
1196,0,2459,229.126,1.69894904653963,2886.24115494103,1230.26840178935
1197,0,3751,339.881,2.45073778422037,568.05731804852,448.684084244202
1199,0,625,97.671,1.21462268255554,2107.9904,1064.664
1201,0,1831,254.289,2.81032754145328,2705.74330966685,9.12779901693064
1203,0,2070,222.268,1.89921299794058,2759.89323671498,1265.54347826087
1206,0,839,115.593,1.26733446469321,420.512514898689,482.50536352801
1209,0,640,98.473,1.20571454491796,2594.8625,314.953125
1210,0,6553,446.583,2.42188959675474,1045.1332214253,1068.60079352968
1212,0,7319,408.64,1.81559985750746,2119.94466457166,654.672496242656
1213,0,6231,396.531,2.0081061917038,3009.21168351789,1118.96726047183
1214,0,1753,284.851,3.68335617704544,279.856246434683,447.293211637193
1215,0,6510,550.937,3.71033417958905,1779.25053763441,864.65069124424
1219,0,397,91.924,1.69378178197047,2561.51637279597,262.712846347607
1220,0,5634,405.521,2.32273675180682,1249.21831735889,1157.94710685126
1223,0,40,29.5,1.73130736532152,748.7,521.725
1224,0,833,114.542,1.25335661804472,349.848739495798,1225.85714285714
1227,0,3693,277.937,1.66457573439661,2316.13403736799,129.647441104793
1230,0,2563,317.02,3.1204329349789,2857.54038236442,1265.42840421381
1232,0,31605,1520.714,5.82276723634466,600.071602594526,1127.80015820282
1234,0,2693,237.057,1.66057827030738,2016.88451541032,353.36502042332
1238,0,3438,282.998,1.85374928367188,2640.0890052356,940.439790575916
1239,0,1184,149.772,1.5076470840248,446.536317567568,1222.6402027027
1242,0,3710,328.607,2.31616688182989,2096.66630727763,164.661455525606
1243,0,194,60.86,1.51933066044798,797.185567010309,671.144329896907
1246,0,887,133.39,1.59629466156468,2883.72040586246,631.703494926719
1247,0,1438,204.821,2.32156161392452,744.665507649513,328.394297635605
1248,0,5660,388.765,2.12494661083878,152.268727915194,1101.54204946996
1251,0,345,76.4,1.3463493284488,2768.41739130435,772.698550724638
1252,0,454,110.226,2.12962128213693,2550.94933920705,148.680616740088
1254,0,1262,156.622,1.54680765232233,692.492868462758,793.862123613312
1255,0,3845,280.6,1.62955538297308,3295.55214564369,427.747984395319
1256,0,919,127.651,1.41098717824441,3081.88900979325,1144.86071817193
1257,0,381,77.434,1.25235815637375,2482.9343832021,744.958005249344
1258,0,2834,259.972,1.8977694039905,2300.11220889203,354.11044460127
1259,0,3815,372.929,2.90100118991043,2613.09462647444,454.059501965924
1260,0,3120,288.283,2.11969613386826,2160.41634615385,328.305769230769
1261,0,1653,197.931,1.88601403419429,1253.29038112523,308.046581972172
1262,0,678,101.004,1.19739540871749,760.358407079646,28.8407079646018
1263,0,1231,167.338,1.81017778644302,2617.06336311942,1076.791226645
1264,0,3733,276.242,1.62671535221488,671.185909456201,696.264130725958
1265,0,2388,257.666,2.21243257687302,679.336264656616,876.860552763819
1266,0,632,115.261,1.67277613561551,2456.53639240506,461.776898734177
1268,0,4077,350.832,2.40241385068497,2454.52514103507,1033.01962227128
1269,0,1719,204.143,1.92922661497135,2857.76497963933,340.91797556719
1270,0,6456,509.766,3.20308413189846,1823.91883519207,978.770136307311
1272,0,814,120.407,1.41732420099612,993.169533169533,761.726044226044
1276,0,1990,247.963,2.45872990610337,2946.02814070352,1268.24422110553
1277,0,3784,349.475,2.56845070748574,2291.44714587738,821.491014799154
1278,0,2072,226.407,1.96870246553325,1149.19256756757,368.178571428571
1280,0,1569,193.125,1.89166481454117,1302.60229445507,204.161249203314
1282,0,2988,264.838,1.86797105289103,1815.64491298527,921.176372155288
1284,0,18986,994.128,4.14229735499256,1611.0527230591,798.141683345623
1285,0,3776,325.226,2.22909545209475,2434.95789194915,811.372616525424
1286,0,573,98.755,1.3544210682633,295.923211169284,603.675392670157
1287,0,1832,208.657,1.89117006353879,961.01692139738,414.89192139738
1288,0,5379,480.842,3.42052982404702,2499.70477783975,318.423498791597
1290,0,503,90.848,1.30572852735,3279.49900596421,554.538767395626
1291,0,15377,807.418,3.37376925091074,2077.30207452689,853.063601482734
1292,0,6632,509.768,3.11810515974249,1697.52141133896,706.597557297949
1296,0,574,96.282,1.28519329042802,2613.26655052265,759.160278745645
1298,0,2655,237.173,1.68599430989084,1286.64331450094,1124.28662900188
1300,0,5767,371.192,1.90124200095475,2488.7218657881,1128.39500606901
1302,0,5281,442.813,2.95470885088518,3297.16152243893,669.190115508426
1303,0,6816,441.291,2.27358237902424,1556.02552816901,1068.56117957746
1306,0,6022,601.206,4.77634839151476,3084.50797077383,12.6858186648954
1308,0,5044,419.893,2.78158494620244,626.883425852498,844.673076923077
1309,0,694,156.851,2.82101405079504,3019.98991354467,1271.95821325648
1312,0,5803,532.236,3.88459778741724,2861.54523522316,1064.77735653972
1314,0,66,30.343,1.11010289341998,2641.56060606061,919.151515151515
1315,0,2363,241.873,1.97015863694496,310.526872619551,657.855268726196
1316,0,1361,147.102,1.26522908139391,887.472446730345,30.939015429831
1318,0,5902,492.688,3.27291630827411,1563.79532361911,662.647407658421
1319,0,6982,654.841,4.88744651249641,1196.30134631911,517.904038957319
1320,0,674,107.448,1.36309746973065,586.856083086053,392.244807121662
1321,0,3455,283.13,1.84634928331665,644.915484804631,604.671201157742
1322,0,1584,178.727,1.60477921213953,1801.42803030303,1071.56691919192
1323,0,2724,244.856,1.75147738372675,2145.57672540382,436.860866372981
1324,0,1065,165.594,2.04894226911513,1886.14929577465,193.743661971831
1325,0,950,149.5,1.8721856667577,764.942105263158,529.276842105263
1326,0,326,85.514,1.78503599826021,941.733128834356,139.444785276074
1327,0,454,112.062,2.20115700637224,842.237885462555,755.825991189427
1328,0,145,50.936,1.42387481176608,3297.09655172414,239.206896551724
1329,0,4776,381.523,2.4253100513511,2856.61369346734,808.35175879397
1330,0,337,81.007,1.54954906695843,2908.19584569733,1210.63798219585
1331,0,7075,500.477,2.81729250128578,106.087067137809,470.006077738516
1333,0,1123,164.088,1.90793696801999,620.219946571683,300.766696349065
1334,0,6348,517.252,3.35395765408607,3319.10491493384,33.3201008191556
1335,0,185,56.353,1.36600563109343,1274.34054054054,202.913513513514
1336,0,119,46.272,1.43179129326761,3013.93277310924,604.941176470588
1338,0,1768,196.806,1.74334983291251,1464.86877828054,489.575226244344
1339,0,2977,239.819,1.53737026447975,2241.72556264696,661.989922741014
1340,0,735,121.688,1.6032391280618,3175.39727891156,936.780952380952
1342,0,720,112.913,1.40911206145354,1156.48194444444,842.480555555556
1343,0,3088,243.556,1.52865862164157,2541.65997409326,890.235103626943
1345,0,169,55.758,1.46392155830979,3312.02958579882,917.337278106509
1347,0,1079,149.6,1.65056213678754,1545.07321594069,1201.77479147359
1349,0,403,88.094,1.53241978284768,875.235732009926,160.431761786601
1350,0,671,110.208,1.44043563881317,2422.89716840536,682.141579731744
1351,0,5235,381.427,2.2115477166359,3131.04278892073,1258.53447946514
1352,0,1618,206.144,2.09003238867377,1466.75587144623,1233.78306551298
1353,0,140,64.293,2.34957591851011,2184.06428571429,655.714285714286
1354,0,172,57.304,1.51925811708309,2199.56976744186,78.7441860465116
1355,0,3563,277.499,1.71987608835756,2413.5282065675,445.470390120685
1357,0,2422,292.145,2.80422536222152,1073.73658133774,351.411643270025
1359,0,329,75.879,1.39263541606833,2783.85106382979,486.19452887538
1360,0,522,93.669,1.33755423422987,2271.44061302682,74.0383141762452
1361,0,4223,342.445,2.20978852261856,3175.81884915937,66.9628226379351
1362,0,4915,392.515,2.49447485116639,2827.78677517803,246.843336724313
1364,0,3006,256.576,1.74274249115735,1352.6630073187,638.146373918829
1365,0,9204,518.789,2.32699282456471,3153.56768796176,860.266731855715
1368,0,741,171.641,3.16383626830417,1338.39541160594,548.821862348178
1369,0,514,113.079,1.97966149219881,1364.94552529183,1141.21789883268
1370,0,6477,433.879,2.31288212643519,2186.49961401884,840.152230971129
1371,0,380,75.3,1.18739848852095,2651.52368421053,291.526315789474
1372,0,5270,388.48,2.27885583067629,1097.85142314991,942.948197343454
1373,0,358,73.911,1.21429796107139,401.913407821229,411.444134078212
1374,0,6208,521.107,3.48090556952297,3305.46150128866,397.042203608247
1375,0,298,69.205,1.27893601658904,922.48322147651,915.969798657718
1377,0,245,68.966,1.544877781736,854.367346938776,572.90612244898
1378,0,5862,492.425,3.2917323003377,2949.55748891163,124.809621289662
1379,0,7249,551.72,3.34156175207697,454.521865084839,988.469995861498
1380,0,1157,129.247,1.14894097916146,2330.3275713051,995.433016421781
1381,0,3102,286.43,2.10467648334889,1405.95519019987,964.963571889104
1382,0,2128,235.337,2.0710898399328,241.132518796992,842.621710526316
1384,0,1938,203.902,1.70718007971925,864.810113519092,1159.48864809082
1385,0,304,78.723,1.62225762565261,3189.24342105263,539.493421052632
1386,0,477,86.804,1.25704618257824,2970.80922431866,222.062893081761
1387,0,179,55.262,1.3576577467732,428.877094972067,537.173184357542
1388,0,639,110.581,1.52282607256626,3425.53990610329,1082.78247261346
1390,0,480,89.202,1.3191618474198,678.727083333333,962.345833333333
1393,0,1369,166.497,1.61138572928179,650.162162162162,1219.41124908692
1394,0,5194,482.921,3.57306052771699,447.391798228725,390.433384674625
1398,0,4823,365.518,2.2044000465156,1678.63756997719,464.202156334232
1400,0,13357,761.616,3.45583762168995,3318.92940031444,1058.04080257543
1401,0,728,139.213,2.11845060232099,2758.6043956044,447.714285714286
1402,0,4677,366.619,2.28692911233051,2099.53303399615,330.440239469746
1403,0,3628,327.622,2.35433886512745,1191.89608599779,553.785005512679
1404,0,4216,290.979,1.59813266300257,2699.81451612903,616.413425047438
1405,0,1144,159.995,1.78064331259722,3062.96416083916,680.953671328671
1406,0,1513,176.338,1.63547168480541,228.968935888962,441.100462656973
1407,0,12249,756.459,3.71757971628857,3327.71801779737,934.004735080415
1410,0,524,92.709,1.30527686999212,2463.7213740458,998.545801526718
1411,0,489,89.93,1.31610477159572,2323.53578732106,884.811860940695
1412,0,2112,216.423,1.76483069129051,824.716382575758,1069.47679924242
1413,0,2114,211.982,1.69154331678398,3089.63292336802,1224.65373699149
1414,0,1989,207.615,1.72453815811554,1837.48868778281,744.522875816994
1415,0,1630,166.09,1.34675780696162,833.19018404908,825.013496932515
1416,0,758,131.844,1.82491092641925,375.401055408971,409.825857519789
1417,0,2277,206.482,1.49001795471665,2682.92226613966,1021.46376811594
1420,0,786,106.883,1.15660445334987,3218.44402035623,1266.58651399491
1421,0,3412,295.984,2.04323153854956,1039.59056271981,955.594372801876
1422,0,798,143.041,2.04036713639619,3228.31077694236,12.1165413533835
1423,0,1178,156.009,1.6441602780374,1860.12818336163,195.358234295416
1424,0,823,144.802,2.02739990351467,1133.69987849332,416.251518833536
1425,0,7493,469.144,2.33747371641176,2581.46776991859,1052.01214466836
1429,0,4959,407.606,2.66610447697138,3112.17100221819,838.748739665255
1430,0,12107,658.008,2.84587578980202,3353.84455273809,312.326174940117
1432,0,3823,340.469,2.4129092497717,2928.99712267852,412.086842793618
1433,0,1065,131.942,1.30078839593511,3255.15211267606,1264.67699530516
1434,0,1040,162.855,2.02935950725062,3285.875,8.46923076923077
1435,0,2337,205.325,1.43553930045887,2540.70774497219,422.353444587077
1436,0,1497,163.915,1.42825492968627,116.046092184369,603.404141616566
1437,0,7066,498.808,2.80209801997858,2862.42343617322,557.997311067082
1438,0,5272,401.454,2.4326874427655,3039.00512139605,336.955804248862
1439,0,2330,257.965,2.27277156409045,522.690557939914,412.171244635193
1440,0,1892,177.032,1.31817343612473,2713.90010570825,885.430761099366
1442,0,2895,221.096,1.34370316146261,1288.38203799655,994.945077720207
1443,0,1153,138.6,1.32582831335541,3354.31916738942,840.768430182134
1444,0,2327,208.923,1.49267843829574,377.22819080361,629.596046411689
1445,0,2166,207.888,1.58778072651404,3047.77746999077,1072.79639889197
1446,0,315,73.357,1.35944833304585,2565.64444444444,1169.41904761905
1448,0,3609,385.558,3.27780181598292,2308.84981989471,959.713771127736
1449,0,3176,264.043,1.74686345431961,1769.17191435768,702.184823677582
1450,0,4596,370.839,2.38111800258433,2744.11749347259,335.134247171453
1451,0,488,90.36,1.33144355106284,2596.15573770492,954.840163934426
1452,0,1100,151.454,1.65943003534364,2300.96272727273,1001.67181818182
1453,0,560,93.793,1.25009484198641,2835.9,635.391071428571
1454,0,1158,162.013,1.80377060190898,2986.0414507772,968.314335060449
1455,0,3121,342.591,2.99259720993486,3349.88721563601,1266.73694328741
1456,0,1367,152.866,1.36032733406649,2140.95025603511,818.948061448427
1457,0,3012,279.591,2.06529238277504,1713.90604249668,186.265604249668
1458,0,1423,161.378,1.45637727464275,1347.77090653549,877.902319044273
1459,0,211,55.915,1.17913719519529,1003.04265402844,558.289099526066
1460,0,872,113.02,1.16569318368415,3017.04013761468,148.022935779817
1461,0,4648,367.453,2.3116794456776,192.23730636833,1135.32336488812
1463,0,971,131.273,1.41228298481893,849.159629248198,1127.56642636457
1465,0,273,63.606,1.17929826262113,487.084249084249,489.538461538462
1466,0,920,126.773,1.39013137093231,2609.6597826087,815.183695652174
1467,0,10927,506.473,1.86810717802655,3375.35407705683,1197.16381440469
1468,0,3384,265.161,1.65340435806408,2706.20567375887,359.370271867612
1469,0,4150,319.114,1.95269203490036,2389.33228915663,367.341686746988
1470,0,1875,189.263,1.52026852274304,3000.92533333333,923.883733333333
1471,0,5296,376.675,2.13194380651852,3166.12405589124,757.402945619335
1472,0,508,93.52,1.37004685471876,1339.57677165354,490.267716535433
1473,0,1805,186.864,1.53944512235038,1289.09916897507,651.984487534626
1475,0,573,93.478,1.21354067612586,2981.41186736475,664.076788830715
1476,0,5520,369.364,1.96679994605087,3339.32789855072,570.951449275362
1477,0,2967,246.402,1.62839982431565,3130.04213009774,594.856420626896
1478,0,2711,234.725,1.6172580213847,2969.46292880856,58.8520841018074
1480,0,2025,203.092,1.62087954380141,734.993580246914,893.394074074074
1481,0,472,91.353,1.40699892410611,388.673728813559,656.682203389831
1482,0,3679,340.584,2.50904720211634,1091.97336232672,1153.90649633052
1483,0,2659,258.799,2.00445811831543,2085.8800300865,130.846182775479
1484,0,656,156.702,2.97875905452187,3354.69969512195,5.61128048780488
1485,0,1686,175.205,1.44885711383233,170.720640569395,913.679715302491
1486,0,2620,218.06,1.44424495835273,2552.13244274809,818.024045801527
1489,0,58,29.21,1.17064511275977,2621.34482758621,16.9137931034483
1490,0,2162,220.161,1.78408369733387,468.485198889917,745.492136910268
1491,0,480,87.433,1.26735901644387,254.504166666667,1076.04166666667
1492,0,669,98.432,1.15248859710623,1844.12705530643,604.333333333333
1493,0,604,96.927,1.2377779431989,3156,1185.6059602649
1494,0,5593,326.059,1.51264738587551,3409.47541569819,869.477203647416
1495,0,2688,209.782,1.3028586918606,3167.5390625,633.768601190476
1497,0,3165,320.777,2.58715747696137,1267.70236966825,550.658451816746
1498,0,2440,261.256,2.22603944715094,1085.56147540984,706.897950819672
1499,0,4830,340.433,1.90944128806089,3414.49565217391,187.986335403727
1500,0,1485,182.855,1.79174979212366,2245.92255892256,80.1649831649832
1501,0,3168,285.527,2.04785558837402,3418.60101010101,724.546717171717
1502,0,500,91.477,1.33181517333861,1787.404,918.656
1504,0,736,116.917,1.47797690563765,1110.2785326087,1189.8722826087
1505,0,3734,292.548,1.82393807410297,3418.98553829673,655.178628816283
1507,0,4407,280.465,1.42037961185197,3424.06489675516,809.307465395961
1508,0,3056,269.476,1.89093661139227,3419.36943717277,421.549410994764
1509,0,682,110.102,1.41447793561799,777.652492668622,910.881231671554
1510,0,679,105.172,1.29634509025954,695.935198821797,746.527245949926
1511,0,226,57.701,1.17232594496904,2777.77433628319,1218.80973451327
1512,0,1919,237.363,2.3363677665541,204.761855132882,896.462219906201
1513,0,2491,236.898,1.79283035551748,3427.15335206744,690.779606583701
1514,0,698,174.392,3.46727134251592,3427.74641833811,5.83810888252149
1515,0,2531,211.701,1.40910647251438,3427.28131173449,947.818253654682
1516,0,1156,131.604,1.19225864710387,3372.61764705882,1243.39792387543
1517,0,481,89.318,1.31984532745753,1460.12681912682,471.918918918919
1518,0,2820,216.538,1.32315057563696,3435.67446808511,1246.50354609929
1519,0,413,80.313,1.24283015446585,940.707021791768,228
1520,0,2168,199.484,1.46065279506,3435.45894833948,1144.95894833948
1521,0,2424,193.25,1.22601709455906,3436.64232673267,92.375
1522,0,1347,195.492,2.25777427142982,3443.79510022272,42.9561989606533
1524,0,612,104.495,1.41980837774723,1523.93954248366,885.678104575163
1525,0,2257,202.32,1.44323219903208,3434.96189632255,570.472308373948
1526,0,511,93.875,1.37236342739072,3028.69080234834,476.771037181996
1527,0,1841,185.458,1.48671420666865,3439.69527430744,236.768060836502
1528,0,1352,174.409,1.79040477884927,3441.21301775148,534.913461538462
1529,0,1367,153.793,1.37687577448639,3445.48792977323,1103.95464520849
1530,0,451,87.69,1.35679343724897,2214.39911308204,77.3148558758315
1532,0,1529,187.642,1.83249482602824,3445.63178548071,145.085022890778
1533,0,1114,137.243,1.34550510738463,3446.52872531418,403.649910233393
1535,0,301,70.495,1.31383331502739,1286.46511627907,383.953488372093
1536,0,244,65.186,1.38582685904023,678.487704918033,1170.64344262295
1537,0,1296,154.858,1.47249024552012,3449.85570987654,491.744598765432
1538,0,1473,169.877,1.55903747572668,3448.08418194162,1001.91446028513
1539,0,1378,167.19,1.61421550292886,3449.97169811321,353.417997097242
1540,0,469,87.871,1.31011201916107,3453.54797441365,919.356076759062
1541,0,253,60.637,1.15649837771318,3450.63636363636,593.02371541502
1542,0,452,85.82,1.29666778616116,3454.69026548673,21.212389380531
1543,0,291,63.779,1.11237842811133,3453.9587628866,969.962199312715
1544,0,189,56.229,1.33121760254226,3455.06878306878,1272.25396825397
1545,0,194,49.546,1.00694465900417,3454.50515463918,456.231958762887
1546,0,409,95.958,1.79155111347571,3457.0586797066,764.176039119804
1547,0,230,60.637,1.2721482154845,3457.0652173913,606.508695652174
1548,0,148,51.755,1.44023395758771,3457.81081081081,217.304054054054
1549,0,101,36.86,1.07048213524385,3457.66336633663,955.960396039604
1550,0,130,47.074,1.35646624079466,3458.76923076923,112.230769230769
